_id,close,date,high,low,open,quoteVolume,volume,weightedAverage
60c98ef2a5212bf4bc1a74a9,0.00203815,2020-01-01T03:00:00.000Z,0.00203815,0.00203815,0.00203815,0,0,0.00203815
60c98ef2a5212bf4bc1a74aa,0.002,2020-01-02T00:00:00.000Z,0.00203888,0.0019551,0.0020158,819800.81943268,1634.22998503,0.00199344
60c98ef2a5212bf4bc1a74ab,0.002025,2020-01-03T00:00:00.000Z,0.00202946,0.00196354,0.00196373,479041.35922544,963.70425633,0.00201173
60c98ef2a5212bf4bc1a74ac,0.00206647,2020-01-04T00:00:00.000Z,0.00207014,0.00202755,0.002035,4110121.23400696,8434.62542194,0.00205215
60c98ef2a5212bf4bc1a74ad,0.00207192,2020-01-05T00:00:00.000Z,0.00208851,0.00204744,0.00206488,3062925.15149498,6339.55702557,0.00206977
60c98ef2a5212bf4bc1a74ae,0.00211439,2020-01-06T00:00:00.000Z,0.00213942,0.00207409,0.00207409,3968944.8273897,8405.02572989,0.00211769
60c98ef2a5212bf4bc1a74af,0.0021803,2020-01-07T00:00:00.000Z,0.00219678,0.00211001,0.0021285,4596188.25306907,9874.05084593,0.00214831
60c98ef2a5212bf4bc1a74b0,0.00210928,2020-01-08T00:00:00.000Z,0.00223034,0.00207756,0.00218161,5370272.26126419,11703.9217719,0.00217939
60c98ef2a5212bf4bc1a74b1,0.00211595,2020-01-09T00:00:00.000Z,0.0021501,0.00206684,0.00210928,871419.28365562,1838.13845389,0.00210936
60c98ef2a5212bf4bc1a74b2,0.002208,2020-01-10T00:00:00.000Z,0.002208,0.002108,0.0021419,2695003.89914694,5823.25489426,0.00216075
60c98ef2a5212bf4bc1a74b3,0.00217117,2020-01-11T00:00:00.000Z,0.00224466,0.00216349,0.00221362,3961768.30069734,8739.62757079,0.00220599
60c98ef2a5212bf4bc1a74b4,0.00219946,2020-01-12T00:00:00.000Z,0.00221098,0.00215838,0.00217026,2017847.39164626,4427.41602885,0.00219412
60c98ef2a5212bf4bc1a74b5,0.00217483,2020-01-13T00:00:00.000Z,0.0022136,0.002165,0.00218201,4211637.2750438,9179.40355898,0.00217953
60c98ef2a5212bf4bc1a74b6,0.00234141,2020-01-14T00:00:00.000Z,0.0024,0.00217439,0.00217439,14357697.54638808,32819.31347019,0.00228583
60c98ef2a5212bf4bc1a74b7,0.00238479,2020-01-15T00:00:00.000Z,0.00247997,0.00232137,0.00234106,10808670.24174678,26009.34137909,0.00240634
60c98ef2a5212bf4bc1a74b8,0.00234268,2020-01-16T00:00:00.000Z,0.00238671,0.00228603,0.00238671,3741605.17797439,8706.9173226,0.00232705
60c98ef2a5212bf4bc1a74b9,0.00249127,2020-01-17T00:00:00.000Z,0.00249825,0.00232409,0.00234269,6975457.47323719,16905.14885498,0.00242351
60c98ef2a5212bf4bc1a74ba,0.00251199,2020-01-18T00:00:00.000Z,0.00251199,0.00244707,0.00249386,8564734.2977291,21300.06458662,0.00248694
60c98ef2a5212bf4bc1a74bb,0.0024,2020-01-19T00:00:00.000Z,0.00257019,0.00232502,0.00251745,13264856.97185926,32203.09220952,0.00242769
60c98ef2a5212bf4bc1a74bc,0.00236681,2020-01-20T00:00:00.000Z,0.00240421,0.00233658,0.00240069,2887778.24287258,6864.94491403,0.00237724
60c98ef2a5212bf4bc1a74bd,0.00237541,2020-01-21T00:00:00.000Z,0.00239814,0.00233388,0.0023727,1316163.08631994,3121.369529,0.00237156
60c98ef2a5212bf4bc1a74be,0.0023474,2020-01-22T00:00:00.000Z,0.00238078,0.00234457,0.002359,548417.19670611,1291.89274795,0.00235567
60c98ef2a5212bf4bc1a74bf,0.00225163,2020-01-23T00:00:00.000Z,0.00235255,0.00223564,0.00234888,5529027.82255387,12589.56326876,0.00227699
60c98ef2a5212bf4bc1a74c0,0.0022667,2020-01-24T00:00:00.000Z,0.00229097,0.00220424,0.00225961,2140499.88676245,4804.34319657,0.00224449
60c98ef2a5212bf4bc1a74c1,0.00227024,2020-01-25T00:00:00.000Z,0.00227024,0.00222342,0.00224488,3895429.14707825,8738.3428473,0.00224322
60c98ef2a5212bf4bc1a74c2,0.002282,2020-01-26T00:00:00.000Z,0.0023,0.00223387,0.00223387,1255955.9510981,2864.88596478,0.00228104
60c98ef2a5212bf4bc1a74c3,0.00236546,2020-01-27T00:00:00.000Z,0.00241679,0.00226,0.00227472,8665825.48957574,20202.15164558,0.00233124
60c98ef2a5212bf4bc1a74c4,0.00244,2020-01-28T00:00:00.000Z,0.00244,0.00235,0.00236171,5355943.71096513,12825.69985093,0.00239466
60c98ef2a5212bf4bc1a74c5,0.00239554,2020-01-29T00:00:00.000Z,0.00244999,0.00238917,0.00244095,6409529.98734181,15533.5499218,0.0024235
60c98ef2a5212bf4bc1a74c6,0.00240432,2020-01-30T00:00:00.000Z,0.002425,0.00236398,0.00239981,3792651.54771569,9057.80776281,0.00238825
60c98ef2a5212bf4bc1a74c7,0.00237219,2020-01-31T00:00:00.000Z,0.00244994,0.00236767,0.00242184,5162011.90765261,12355.10449318,0.00239346
60c98ef2a5212bf4bc1a74c8,0.00240277,2020-02-01T00:00:00.000Z,0.00241544,0.00238,0.00238455,1858579.30564969,4449.19703696,0.00239386
60c98ef2a5212bf4bc1a74c9,0.00244131,2020-02-02T00:00:00.000Z,0.00249052,0.00239399,0.00240392,5690043.34846569,13913.66414806,0.00244526
60c98ef2a5212bf4bc1a74ca,0.002418,2020-02-03T00:00:00.000Z,0.00249758,0.002418,0.0024416,8941435.80208474,21890.00820654,0.00244815
60c98ef2a5212bf4bc1a74cb,0.00251226,2020-02-04T00:00:00.000Z,0.00251226,0.0024,0.00243125,6539027.51632955,15979.63675287,0.00244373
60c98ef2a5212bf4bc1a74cc,0.00258761,2020-02-05T00:00:00.000Z,0.00265,0.00251494,0.00251494,14079646.75825321,36453.05413028,0.00258906
60c98ef2a5212bf4bc1a74cd,0.00266433,2020-02-06T00:00:00.000Z,0.00268264,0.0025826,0.00259546,5564674.12905278,14689.0735615,0.0026397
60c98ef2a5212bf4bc1a74ce,0.00279221,2020-02-07T00:00:00.000Z,0.00279221,0.0026487,0.00265598,9163085.23349033,24926.93397138,0.00272036
60c98ef2a5212bf4bc1a74cf,0.0031496,2020-02-08T00:00:00.000Z,0.00325,0.00272337,0.00279221,39253556.3670619,120137.41737141,0.00306054
60c98ef2a5212bf4bc1a74d0,0.00323342,2020-02-09T00:00:00.000Z,0.00354449,0.00310621,0.00314528,53357297.64619856,177514.05723409,0.00332689
60c98ef2a5212bf4bc1a74d1,0.00298127,2020-02-10T00:00:00.000Z,0.00327814,0.00287595,0.00324141,20122875.79340683,60846.37151226,0.00302374
60c98ef2a5212bf4bc1a74d2,0.00302663,2020-02-11T00:00:00.000Z,0.00308684,0.00284569,0.00298257,27085578.77589369,80117.21462008,0.00295792
60c98ef2a5212bf4bc1a74d3,0.00305,2020-02-12T00:00:00.000Z,0.00316188,0.00302346,0.00302663,18272048.98169382,56499.48603058,0.00309212
60c98ef2a5212bf4bc1a74d4,0.00299704,2020-02-13T00:00:00.000Z,0.0032,0.00295386,0.00307133,18726259.03544765,57329.36544768,0.00306144
60c98ef2a5212bf4bc1a74d5,0.0031,2020-02-14T00:00:00.000Z,0.00318673,0.00298168,0.00299729,7928406.2288573,24298.86390582,0.00306478
60c98ef2a5212bf4bc1a74d6,0.00290417,2020-02-15T00:00:00.000Z,0.00318115,0.00285001,0.00311,20591900.51061934,62171.52880128,0.00301922
60c98ef2a5212bf4bc1a74d7,0.00275,2020-02-16T00:00:00.000Z,0.00294527,0.00260515,0.00290459,17152059.4416688,47021.19818983,0.00274143
60c98ef2a5212bf4bc1a74d8,0.00269537,2020-02-17T00:00:00.000Z,0.0027459,0.00255001,0.00274589,9342934.63654094,24648.49658298,0.00263819
60c98ef2a5212bf4bc1a74d9,0.00281237,2020-02-18T00:00:00.000Z,0.00286268,0.00265633,0.002687,20082112.03422184,55914.51474547,0.00278429
60c98ef2a5212bf4bc1a74da,0.0026203,2020-02-19T00:00:00.000Z,0.00284969,0.00257048,0.00281823,10730591.53047282,29570.26063794,0.00275569
60c98ef2a5212bf4bc1a74db,0.00264518,2020-02-20T00:00:00.000Z,0.0027,0.002549,0.00262473,8336088.39696926,21938.67132406,0.00263177
60c98ef2a5212bf4bc1a74dc,0.00265831,2020-02-21T00:00:00.000Z,0.00271198,0.00260211,0.00263474,4484627.80635899,11959.40603496,0.00266675
60c98ef2a5212bf4bc1a74dd,0.00259244,2020-02-22T00:00:00.000Z,0.00264695,0.00257132,0.002638,2935955.74286747,7655.92814245,0.00260764
60c98ef2a5212bf4bc1a74de,0.00267902,2020-02-23T00:00:00.000Z,0.0027,0.00259996,0.00259996,7534790.07177803,20031.33475107,0.00265851
60c98ef2a5212bf4bc1a74df,0.00259076,2020-02-24T00:00:00.000Z,0.0026777,0.00253,0.00267753,7030815.7555528,18288.96743955,0.00260125
60c98ef2a5212bf4bc1a74e0,0.00248275,2020-02-25T00:00:00.000Z,0.00256879,0.00242998,0.00255915,4505283.70004914,11245.13250078,0.00249598
60c98ef2a5212bf4bc1a74e1,0.00231168,2020-02-26T00:00:00.000Z,0.00253335,0.0022,0.00245853,10206863.95925841,24131.22858415,0.00236421
60c98ef2a5212bf4bc1a74e2,0.00234602,2020-02-27T00:00:00.000Z,0.002405,0.00226325,0.00231305,7725314.40335952,18148.41102503,0.00234921
60c98ef2a5212bf4bc1a74e3,0.00230801,2020-02-28T00:00:00.000Z,0.00239768,0.00222014,0.00233124,9282161.90301509,21239.24281615,0.00228817
60c98ef2a5212bf4bc1a74e4,0.00221622,2020-02-29T00:00:00.000Z,0.0023082,0.00221622,0.00229177,2203162.01840923,5010.67082755,0.0022743
60c98ef2a5212bf4bc1a74e5,0.00227816,2020-03-01T00:00:00.000Z,0.00232805,0.00221501,0.00222764,6027591.34723823,13684.24538228,0.00227026
60c98ef2a5212bf4bc1a74e6,0.00233993,2020-03-02T00:00:00.000Z,0.00237499,0.00225957,0.00227836,1238991.42708975,2874.57170529,0.00232009
60c98ef2a5212bf4bc1a74e7,0.00248338,2020-03-03T00:00:00.000Z,0.00254947,0.00230851,0.00235118,16773320.93217723,40576.82261895,0.00241912
60c98ef2a5212bf4bc1a74e8,0.00243499,2020-03-04T00:00:00.000Z,0.00248818,0.0023782,0.0024875,19259369.33817548,46961.61940155,0.00243837
60c98ef2a5212bf4bc1a74e9,0.00247937,2020-03-05T00:00:00.000Z,0.00251425,0.00243476,0.00243476,4018976.02622875,9992.61497852,0.00248635
60c98ef2a5212bf4bc1a74ea,0.00248045,2020-03-06T00:00:00.000Z,0.00249398,0.0024468,0.00246813,1177649.24866814,2914.59048231,0.00247492
60c98ef2a5212bf4bc1a74eb,0.00240653,2020-03-07T00:00:00.000Z,0.00248627,0.0023946,0.00248573,853041.63890644,2079.83311401,0.00243813
60c98ef2a5212bf4bc1a74ec,0.00218129,2020-03-08T00:00:00.000Z,0.00240439,0.00216115,0.00240437,8065724.36938901,18377.44167068,0.00227846
60c98ef2a5212bf4bc1a74ed,0.0022093,2020-03-09T00:00:00.000Z,0.0022093,0.00209379,0.00219067,7207572.69166628,15492.60366868,0.00214948
60c98ef2a5212bf4bc1a74ee,0.00220712,2020-03-10T00:00:00.000Z,0.00225549,0.002159,0.00221331,1704077.71745073,3740.16050404,0.00219482
60c98ef2a5212bf4bc1a74ef,0.00216235,2020-03-11T00:00:00.000Z,0.00221,0.002108,0.002205,4053578.02974315,8803.11499438,0.00217169
60c98ef2a5212bf4bc1a74f0,0.00149241,2020-03-12T00:00:00.000Z,0.00216585,0.00140942,0.00216245,21067864.20349153,36922.41240936,0.00175254
60c98ef2a5212bf4bc1a74f1,0.00170801,2020-03-13T00:00:00.000Z,0.00176897,0.00119017,0.00149241,29099800.02034187,45818.50239324,0.00157452
60c98ef2a5212bf4bc1a74f2,0.001657,2020-03-14T00:00:00.000Z,0.00177081,0.00164902,0.00173693,16384239.79778874,28473.97058632,0.00173788
60c98ef2a5212bf4bc1a74f3,0.00168978,2020-03-15T00:00:00.000Z,0.00183333,0.00165,0.00167405,4987310.69403833,8422.43708057,0.00168877
60c98ef2a5212bf4bc1a74f4,0.00158444,2020-03-16T00:00:00.000Z,0.0016919,0.00142893,0.00169133,9605570.02428435,14809.62588383,0.00154177
60c98ef2a5212bf4bc1a74f5,0.00161778,2020-03-17T00:00:00.000Z,0.00168,0.00153041,0.00158889,4075523.63503397,6611.62239554,0.00162227
60c98ef2a5212bf4bc1a74f6,0.001577,2020-03-18T00:00:00.000Z,0.00163775,0.00155506,0.00161216,8769627.21769103,14064.37128574,0.00160375
60c98ef2a5212bf4bc1a74f7,0.001807,2020-03-19T00:00:00.000Z,0.00184,0.00156712,0.0016036,6988999.0837201,12024.85166349,0.00172053
60c98ef2a5212bf4bc1a74f8,0.00181839,2020-03-20T00:00:00.000Z,0.00192964,0.00165653,0.00178247,9394143.44988507,17043.16941318,0.00181423
60c98ef2a5212bf4bc1a74f9,0.00177366,2020-03-21T00:00:00.000Z,0.001848,0.00169312,0.00177694,1127171.66521896,1981.72276747,0.00175813
60c98ef2a5212bf4bc1a74fa,0.00172716,2020-03-22T00:00:00.000Z,0.00184106,0.0017152,0.00179195,1587503.23554946,2843.15988135,0.00179096
60c98ef2a5212bf4bc1a74fb,0.00182,2020-03-23T00:00:00.000Z,0.00189,0.0016754,0.00171477,6453180.72704821,11543.12322255,0.00178874
60c98ef2a5212bf4bc1a74fc,0.00186828,2020-03-24T00:00:00.000Z,0.0019,0.0017874,0.00182,5074730.5560768,9491.17033336,0.00187028
60c98ef2a5212bf4bc1a74fd,0.0018392,2020-03-25T00:00:00.000Z,0.001889,0.00179812,0.00185063,1275956.22250374,2336.02707926,0.0018308
60c98ef2a5212bf4bc1a74fe,0.00184301,2020-03-26T00:00:00.000Z,0.00186552,0.00181155,0.00184767,1963203.08144417,3620.64684769,0.00184425
60c98ef2a5212bf4bc1a74ff,0.00177849,2020-03-27T00:00:00.000Z,0.00186666,0.00175511,0.00186666,3162565.6137348,5801.75055026,0.0018345
60c98ef2a5212bf4bc1a7500,0.00177936,2020-03-28T00:00:00.000Z,0.00180853,0.0017,0.00175001,5144979.96638653,9014.06075798,0.00175201
60c98ef2a5212bf4bc1a7501,0.00170789,2020-03-29T00:00:00.000Z,0.001795,0.00170789,0.00176972,2894352.9334494,5042.79075037,0.00174228
60c98ef2a5212bf4bc1a7502,0.0018014,2020-03-30T00:00:00.000Z,0.00183841,0.00170618,0.00170618,2780190.69277786,4989.78140115,0.00179476
60c98ef2a5212bf4bc1a7503,0.00180428,2020-03-31T00:00:00.000Z,0.00183111,0.0018,0.00181678,4584111.19778158,8306.17101102,0.00181194
60c98ef2a5212bf4bc1a7504,0.00186132,2020-04-01T00:00:00.000Z,0.00186666,0.00175567,0.00180338,3248640.27075596,5839.15102871,0.00179741
60c98ef2a5212bf4bc1a7505,0.00187144,2020-04-02T00:00:00.000Z,0.00196,0.001838,0.00186874,7992318.37625508,15095.48434648,0.00188874
60c98ef2a5212bf4bc1a7506,0.00184616,2020-04-03T00:00:00.000Z,0.00195169,0.00183334,0.00187862,2397451.68345968,4493.48631902,0.00187427
60c98ef2a5212bf4bc1a7507,0.0018784,2020-04-04T00:00:00.000Z,0.00190328,0.00182808,0.00185205,1501414.54429344,2790.66451869,0.00185869
60c98ef2a5212bf4bc1a7508,0.00185527,2020-04-05T00:00:00.000Z,0.00187958,0.0018447,0.00187576,1180553.29646182,2205.96920504,0.00186858
60c98ef2a5212bf4bc1a7509,0.00196898,2020-04-06T00:00:00.000Z,0.00197764,0.00185615,0.00185781,6968105.42165303,13573.52185329,0.00194795
60c98ef2a5212bf4bc1a750a,0.001995,2020-04-07T00:00:00.000Z,0.00201591,0.00196088,0.00198599,6913873.55536446,13777.71118979,0.00199276
60c98ef2a5212bf4bc1a750b,0.00200897,2020-04-08T00:00:00.000Z,0.00204499,0.00197157,0.0019822,2511208.30293586,5062.17084667,0.00201583
60c98ef2a5212bf4bc1a750c,0.00201889,2020-04-09T00:00:00.000Z,0.00203333,0.00199034,0.00200897,2875827.02450697,5768.76812311,0.00200595
60c98ef2a5212bf4bc1a750d,0.00195483,2020-04-10T00:00:00.000Z,0.00202108,0.00187749,0.00202108,7826711.8928887,15163.62709432,0.00193741
60c98ef2a5212bf4bc1a750e,0.00196786,2020-04-11T00:00:00.000Z,0.0020151,0.00194007,0.00197074,504555.71568414,992.21008058,0.0019665
60c98ef2a5212bf4bc1a750f,0.00197654,2020-04-12T00:00:00.000Z,0.002005,0.00193861,0.00196834,1569892.6455219,3118.70186486,0.00198657
60c98ef2a5212bf4bc1a7510,0.00194634,2020-04-13T00:00:00.000Z,0.00196479,0.00187841,0.00194582,3635398.06776992,6984.69484177,0.0019213
60c98ef2a5212bf4bc1a7511,0.001971,2020-04-14T00:00:00.000Z,0.00197702,0.0019238,0.0019465,654746.3852152,1279.08168599,0.00195355
60c98ef2a5212bf4bc1a7512,0.00191003,2020-04-15T00:00:00.000Z,0.00196999,0.00187649,0.00194817,2438641.39679651,4693.08801447,0.00192446
60c98ef2a5212bf4bc1a7513,0.00199032,2020-04-16T00:00:00.000Z,0.00202211,0.00188345,0.00190678,5270542.49562332,10393.3161596,0.00197196
60c98ef2a5212bf4bc1a7514,0.00198226,2020-04-17T00:00:00.000Z,0.00199979,0.00196928,0.00199302,2420511.31241406,4803.92089259,0.00198467
60c98ef2a5212bf4bc1a7515,0.00206059,2020-04-18T00:00:00.000Z,0.00206136,0.00198316,0.00199039,3324383.50502761,6785.2239345,0.00204104
60c98ef2a5212bf4bc1a7516,0.00203,2020-04-19T00:00:00.000Z,0.00206,0.0019892,0.00203891,4871395.98163395,9858.87066458,0.00202382
60c98ef2a5212bf4bc1a7517,0.00197277,2020-04-20T00:00:00.000Z,0.00204,0.00193482,0.00203,3974296.18131793,7834.21988498,0.00197122
60c98ef2a5212bf4bc1a7518,0.00194925,2020-04-21T00:00:00.000Z,0.00199308,0.00192888,0.00197141,1432890.66326934,2805.20754261,0.00195772
60c98ef2a5212bf4bc1a7519,0.00199981,2020-04-22T00:00:00.000Z,0.00201978,0.00194381,0.00194381,3852236.74208074,7715.14456672,0.00200277
60c98ef2a5212bf4bc1a751a,0.002078,2020-04-23T00:00:00.000Z,0.00223846,0.00198117,0.0019996,6371772.51426725,13170.89691233,0.00206706
60c98ef2a5212bf4bc1a751b,0.00207803,2020-04-24T00:00:00.000Z,0.00209432,0.00205,0.00206,1540775.24378638,3199.26409253,0.00207639
60c98ef2a5212bf4bc1a751c,0.00212256,2020-04-25T00:00:00.000Z,0.00215,0.00206771,0.00207,1740337.55410711,3688.99266271,0.00211969
60c98ef2a5212bf4bc1a751d,0.0024055,2020-04-26T00:00:00.000Z,0.00244,0.00211834,0.00212465,13255035.85291061,30823.26631934,0.0023254
60c98ef2a5212bf4bc1a751e,0.00233709,2020-04-27T00:00:00.000Z,0.00240188,0.00229,0.00238167,14228593.99287978,33183.79158997,0.00233219
60c98ef2a5212bf4bc1a751f,0.00232345,2020-04-28T00:00:00.000Z,0.00234981,0.0023,0.00232649,3076528.99350645,7177.76708033,0.00233307
60c98ef2a5212bf4bc1a7520,0.00249957,2020-04-29T00:00:00.000Z,0.002525,0.00230388,0.00232129,9539671.78912625,23163.49266129,0.00242812
60c98ef2a5212bf4bc1a7521,0.00245209,2020-04-30T00:00:00.000Z,0.00268057,0.00236666,0.002482,10038489.95469273,25423.8934096,0.00253264
60c98ef2a5212bf4bc1a7522,0.00249659,2020-05-01T00:00:00.000Z,0.00253359,0.00244,0.00244346,1979978.3757898,4921.31806142,0.00248554
60c98ef2a5212bf4bc1a7523,0.00254911,2020-05-02T00:00:00.000Z,0.00254911,0.0024535,0.00246924,1164336.39173898,2906.77164658,0.0024965
60c98ef2a5212bf4bc1a7524,0.00250713,2020-05-03T00:00:00.000Z,0.002575,0.00246666,0.00254996,3167043.61154048,8014.81093763,0.00253069
60c98ef2a5212bf4bc1a7525,0.00246308,2020-05-04T00:00:00.000Z,0.00249997,0.00235679,0.00249778,3258186.34477305,7933.41499162,0.00243491
60c98ef2a5212bf4bc1a7526,0.00248327,2020-05-05T00:00:00.000Z,0.002518,0.00242812,0.00247292,2632942.22573742,6514.12856521,0.00247408
60c98ef2a5212bf4bc1a7527,0.002474,2020-05-06T00:00:00.000Z,0.00256626,0.00246504,0.00248368,4398382.89315685,11127.70040857,0.00252995
60c98ef2a5212bf4bc1a7528,0.00265747,2020-05-07T00:00:00.000Z,0.00268437,0.002474,0.002474,5233500.23129554,13321.62318583,0.00254545
60c98ef2a5212bf4bc1a7529,0.0026172,2020-05-08T00:00:00.000Z,0.002657,0.00257015,0.00263741,10552888.92445418,27507.05485192,0.00260659
60c98ef2a5212bf4bc1a752a,0.00261086,2020-05-09T00:00:00.000Z,0.00263266,0.00255,0.0026172,2904991.44163923,7551.04886466,0.00259933
60c98ef2a5212bf4bc1a752b,0.00243144,2020-05-10T00:00:00.000Z,0.00258475,0.00225,0.00258475,8488620.30300436,20604.49738896,0.0024273
60c98ef2a5212bf4bc1a752c,0.0024068,2020-05-11T00:00:00.000Z,0.00253699,0.00229284,0.00244375,4875135.11072245,11828.65422934,0.00242632
60c98ef2a5212bf4bc1a752d,0.00245838,2020-05-12T00:00:00.000Z,0.00250882,0.00241591,0.00242,11824578.91189571,28871.01648489,0.00244161
60c98ef2a5212bf4bc1a752e,0.00251267,2020-05-13T00:00:00.000Z,0.00253371,0.00244714,0.00246118,6156903.96436554,15336.30785971,0.00249091
60c98ef2a5212bf4bc1a752f,0.00255365,2020-05-14T00:00:00.000Z,0.00264319,0.00250837,0.00253853,3857693.51744345,9912.78492159,0.00256961
60c98ef2a5212bf4bc1a7530,0.00250519,2020-05-15T00:00:00.000Z,0.00258001,0.002475,0.00258001,2445547.14232785,6163.07927096,0.00252012
60c98ef2a5212bf4bc1a7531,0.00251649,2020-05-16T00:00:00.000Z,0.00253294,0.00247571,0.00250815,2789839.42414005,6999.7695624,0.00250902
60c98ef2a5212bf4bc1a7532,0.00252637,2020-05-17T00:00:00.000Z,0.00257,0.002495,0.00250958,2626011.12249132,6670.68688104,0.00254023
60c98ef2a5212bf4bc1a7533,0.002535,2020-05-18T00:00:00.000Z,0.00259,0.00251308,0.00255371,2542595.10946453,6473.36536319,0.00254596
60c98ef2a5212bf4bc1a7534,0.00254584,2020-05-19T00:00:00.000Z,0.00258487,0.00249347,0.00252148,2073263.92933413,5248.55548118,0.00253154
60c98ef2a5212bf4bc1a7535,0.00249575,2020-05-20T00:00:00.000Z,0.00256552,0.00246797,0.00254964,2809133.44642059,7055.04290828,0.00251146
60c98ef2a5212bf4bc1a7536,0.00248159,2020-05-21T00:00:00.000Z,0.00256666,0.00242703,0.00250503,2825981.6005216,7019.93857846,0.00248407
60c98ef2a5212bf4bc1a7537,0.00253957,2020-05-22T00:00:00.000Z,0.00254823,0.00246966,0.0024751,2572003.31773585,6488.21524729,0.00252263
60c98ef2a5212bf4bc1a7538,0.00252988,2020-05-23T00:00:00.000Z,0.002555,0.0025,0.00253982,1839461.85662063,4666.6518254,0.00253696
60c98ef2a5212bf4bc1a7539,0.00243462,2020-05-24T00:00:00.000Z,0.00255865,0.00243462,0.00255324,5727022.68885918,14385.55286419,0.00251187
60c98ef2a5212bf4bc1a753a,0.00252988,2020-05-25T00:00:00.000Z,0.00254216,0.00241855,0.00243422,7286840.9810729,18282.00254201,0.0025089
60c98ef2a5212bf4bc1a753b,0.00248159,2020-05-26T00:00:00.000Z,0.00252,0.00246374,0.00251796,1201319.80683852,3012.28968954,0.00250748
60c98ef2a5212bf4bc1a753c,0.00248745,2020-05-27T00:00:00.000Z,0.00251737,0.00246966,0.0024825,3203867.36774292,7987.91350209,0.0024932
60c98ef2a5212bf4bc1a753d,0.002525,2020-05-28T00:00:00.000Z,0.002565,0.00248667,0.00248667,5982768.32593214,15110.43422597,0.00252565
60c98ef2a5212bf4bc1a753e,0.00252634,2020-05-29T00:00:00.000Z,0.00254899,0.0025,0.00252988,2392845.15021946,6026.26650297,0.00251845
60c98ef2a5212bf4bc1a753f,0.00262143,2020-05-30T00:00:00.000Z,0.00264156,0.00252634,0.00252634,4599173.85909219,11860.17907439,0.00257876
60c98ef2a5212bf4bc1a7540,0.00254809,2020-05-31T00:00:00.000Z,0.00260691,0.00254809,0.0026041,2279817.64152313,5885.30900359,0.00258148
60c98ef2a5212bf4bc1a7541,0.00263115,2020-06-01T00:00:00.000Z,0.00268058,0.00252407,0.00255683,4018003.21224431,10401.67544397,0.00258876
60c98ef2a5212bf4bc1a7542,0.00256586,2020-06-02T00:00:00.000Z,0.002675,0.00249473,0.00266585,4597838.85336778,11849.93046429,0.00257728
60c98ef2a5212bf4bc1a7543,0.00259086,2020-06-03T00:00:00.000Z,0.00259113,0.0025421,0.00254791,1921086.11960932,4929.08046359,0.00256577
60c98ef2a5212bf4bc1a7544,0.00262932,2020-06-04T00:00:00.000Z,0.002668,0.00256767,0.00258986,4147892.81248409,10856.98415345,0.00261746
60c98ef2a5212bf4bc1a7545,0.00259961,2020-06-05T00:00:00.000Z,0.00263644,0.00256,0.00262932,1650506.61215338,4300.67296036,0.00260566
60c98ef2a5212bf4bc1a7546,0.00258462,2020-06-06T00:00:00.000Z,0.002599,0.00256,0.00258275,4964682.38361417,12798.75727618,0.00257796
60c98ef2a5212bf4bc1a7547,0.00258475,2020-06-07T00:00:00.000Z,0.00260832,0.00254672,0.00256498,1830820.6650098,4712.93651407,0.00257422
60c98ef2a5212bf4bc1a7548,0.00258143,2020-06-08T00:00:00.000Z,0.0025962,0.00255472,0.002596,1145446.34573426,2952.32480525,0.00257744
60c98ef2a5212bf4bc1a7549,0.00254358,2020-06-09T00:00:00.000Z,0.00258655,0.0025,0.00256025,4568212.34800845,11663.51729147,0.00255319
60c98ef2a5212bf4bc1a754a,0.00256671,2020-06-10T00:00:00.000Z,0.00259308,0.0025346,0.00256246,4120254.58551091,10512.82054338,0.00255149
60c98ef2a5212bf4bc1a754b,0.00246475,2020-06-11T00:00:00.000Z,0.00259473,0.00241,0.0025699,4467772.24171814,11177.32806348,0.00250176
60c98ef2a5212bf4bc1a754c,0.00250634,2020-06-12T00:00:00.000Z,0.00252235,0.00244745,0.00245874,6932927.82928711,17337.55590995,0.00250075
60c98ef2a5212bf4bc1a754d,0.002523,2020-06-13T00:00:00.000Z,0.002523,0.00248702,0.002505,1109526.07897658,2787.03019557,0.00251191
60c98ef2a5212bf4bc1a754e,0.00249,2020-06-14T00:00:00.000Z,0.00252921,0.00248061,0.00250976,414853.05154665,1035.87077789,0.00249695
60c98ef2a5212bf4bc1a754f,0.00247888,2020-06-15T00:00:00.000Z,0.00249,0.0024,0.0024806,2722834.6379239,6685.11090751,0.0024552
60c98ef2a5212bf4bc1a7550,0.002479,2020-06-16T00:00:00.000Z,0.00249999,0.002425,0.0024621,5087233.35531683,12556.45032686,0.00246822
60c98ef2a5212bf4bc1a7551,0.00248032,2020-06-17T00:00:00.000Z,0.00251367,0.00245054,0.00249772,896946.9222593,2225.74685859,0.00248146
60c98ef2a5212bf4bc1a7552,0.00245243,2020-06-18T00:00:00.000Z,0.002487,0.00244918,0.00245883,801749.62482855,1983.19399829,0.00247358
60c98ef2a5212bf4bc1a7553,0.00246463,2020-06-19T00:00:00.000Z,0.00246499,0.00243062,0.00246499,912470.68377476,2239.75896947,0.0024546
60c98ef2a5212bf4bc1a7554,0.002463,2020-06-20T00:00:00.000Z,0.002485,0.00240717,0.00246462,1255095.82894017,3057.97553122,0.00243644
60c98ef2a5212bf4bc1a7555,0.00243511,2020-06-21T00:00:00.000Z,0.00246323,0.00241945,0.00246323,758424.91326898,1858.69630471,0.00245073
60c98ef2a5212bf4bc1a7556,0.00248486,2020-06-22T00:00:00.000Z,0.0025,0.00242597,0.00243511,2347719.67285479,5802.88442519,0.00247171
60c98ef2a5212bf4bc1a7557,0.00248575,2020-06-23T00:00:00.000Z,0.00250132,0.00246017,0.00246602,2288498.00978134,5671.9791787,0.00247847
60c98ef2a5212bf4bc1a7558,0.00241598,2020-06-24T00:00:00.000Z,0.00249854,0.00238996,0.00248752,3903257.01594825,9478.83798656,0.00242844
60c98ef2a5212bf4bc1a7559,0.00240967,2020-06-25T00:00:00.000Z,0.00243375,0.00238344,0.00243375,2169595.75406357,5209.16142126,0.00240098
60c98ef2a5212bf4bc1a755a,0.00236141,2020-06-26T00:00:00.000Z,0.00241,0.002343,0.00241,1674774.96641931,3966.60788863,0.00236844
60c98ef2a5212bf4bc1a755b,0.00229032,2020-06-27T00:00:00.000Z,0.00236413,0.00227268,0.00235883,2857799.49310606,6650.05578964,0.00232698
60c98ef2a5212bf4bc1a755c,0.00230302,2020-06-28T00:00:00.000Z,0.00232458,0.00227274,0.00229,315104.12492076,726.69625644,0.0023062
60c98ef2a5212bf4bc1a755d,0.0023284,2020-06-29T00:00:00.000Z,0.0023284,0.00229254,0.00230624,765594.11328037,1773.15752268,0.00231605
60c98ef2a5212bf4bc1a755e,0.00231011,2020-06-30T00:00:00.000Z,0.00233095,0.0022926,0.00229933,1677569.43628615,3878.73694538,0.00231211
60c98ef2a5212bf4bc1a755f,0.00231063,2020-07-01T00:00:00.000Z,0.00234899,0.00230068,0.00231115,2025504.63672284,4703.43551086,0.0023221
60c98ef2a5212bf4bc1a7560,0.00234045,2020-07-02T00:00:00.000Z,0.00234901,0.00227521,0.00232091,1733966.65190707,4032.05100616,0.00232533
60c98ef2a5212bf4bc1a7561,0.00231388,2020-07-03T00:00:00.000Z,0.00233,0.0023,0.00231056,1108009.20741825,2566.49305583,0.00231631
60c98ef2a5212bf4bc1a7562,0.00230554,2020-07-04T00:00:00.000Z,0.00232999,0.0023,0.00232043,1391188.54862945,3222.19842875,0.00231614
60c98ef2a5212bf4bc1a7563,0.00229653,2020-07-05T00:00:00.000Z,0.00232514,0.00228001,0.00230649,1275708.27129905,2940.61925994,0.00230508
60c98ef2a5212bf4bc1a7564,0.00261999,2020-07-06T00:00:00.000Z,0.00262,0.00225039,0.00231086,17815440.84485051,42346.32381172,0.00237694
60c98ef2a5212bf4bc1a7565,0.00311304,2020-07-07T00:00:00.000Z,0.00326099,0.00260616,0.00261613,59946498.23477368,173510.4051119,0.00289442
60c98ef2a5212bf4bc1a7566,0.00476061,2020-07-08T00:00:00.000Z,0.00547,0.00303819,0.00313621,215401426.81605506,889883.51789543,0.00413127
60c98ef2a5212bf4bc1a7567,0.00432631,2020-07-09T00:00:00.000Z,0.00505,0.00406673,0.00476061,65190540.38458921,293030.26594339,0.00449498
60c98ef2a5212bf4bc1a7568,0.0035187,2020-07-10T00:00:00.000Z,0.0043,0.00341669,0.0043,80551423.02849843,307582.15919253,0.00381845
60c98ef2a5212bf4bc1a7569,0.00377555,2020-07-11T00:00:00.000Z,0.00395489,0.00345952,0.00351579,29011427.64502109,106416.85867253,0.0036681
60c98ef2a5212bf4bc1a756a,0.00364445,2020-07-12T00:00:00.000Z,0.00385025,0.00359617,0.0038176,19411261.11734606,72295.67754918,0.00372441
60c98ef2a5212bf4bc1a756b,0.00316961,2020-07-13T00:00:00.000Z,0.00363535,0.00303961,0.00363535,53278218.99973516,174457.2606944,0.00327445
60c98ef2a5212bf4bc1a756c,0.00330277,2020-07-14T00:00:00.000Z,0.0033711,0.00304781,0.00315324,16483552.62979187,53369.3838779,0.00323773
60c98ef2a5212bf4bc1a756d,0.00310161,2020-07-15T00:00:00.000Z,0.003287,0.00306703,0.00328001,7696473.61408689,24271.00312771,0.00315352
60c98ef2a5212bf4bc1a756e,0.003014,2020-07-16T00:00:00.000Z,0.00309184,0.00288122,0.00307973,27535968.9087842,81508.44171894,0.00296007
60c98ef2a5212bf4bc1a756f,0.00308202,2020-07-17T00:00:00.000Z,0.00308731,0.00291742,0.00303119,11627864.77722834,35060.08387049,0.00301517
60c98ef2a5212bf4bc1a7570,0.00347069,2020-07-18T00:00:00.000Z,0.00367906,0.00303869,0.00304998,48078404.77547843,166219.23056974,0.00345725
60c98ef2a5212bf4bc1a7571,0.00337915,2020-07-19T00:00:00.000Z,0.00376972,0.0033033,0.00344605,32005768.11827389,109374.26282798,0.00341732
60c98ef2a5212bf4bc1a7572,0.00321723,2020-07-20T00:00:00.000Z,0.00342075,0.00315545,0.00337745,26836480.51754385,87768.20458404,0.00327048
60c98ef2a5212bf4bc1a7573,0.003295,2020-07-21T00:00:00.000Z,0.00334245,0.00318363,0.00321723,11573738.22491656,37577.65160158,0.0032468
60c98ef2a5212bf4bc1a7574,0.00329975,2020-07-22T00:00:00.000Z,0.0033023,0.00321001,0.0033023,3449266.04579396,11182.47253014,0.00324198
60c98ef2a5212bf4bc1a7575,0.00330837,2020-07-23T00:00:00.000Z,0.00333149,0.00326199,0.00327001,6807348.45677666,22439.63399128,0.00329638
60c98ef2a5212bf4bc1a7576,0.00320501,2020-07-24T00:00:00.000Z,0.00330141,0.00315991,0.00330141,4665826.5897271,15023.02497476,0.00321979
60c98ef2a5212bf4bc1a7577,0.00328444,2020-07-25T00:00:00.000Z,0.00332552,0.00318605,0.0032199,9365537.66104307,30323.70001949,0.00323779
60c98ef2a5212bf4bc1a7578,0.00323526,2020-07-26T00:00:00.000Z,0.00337428,0.00318156,0.00324503,12886679.19614008,41679.82548126,0.00323433
60c98ef2a5212bf4bc1a7579,0.00312913,2020-07-27T00:00:00.000Z,0.00324282,0.00304963,0.00323929,22660878.83453382,71016.38562016,0.00313387
60c98ef2a5212bf4bc1a757a,0.00318403,2020-07-28T00:00:00.000Z,0.0032185,0.00311256,0.00319139,18944443.85402642,59846.47343118,0.00315905
60c98ef2a5212bf4bc1a757b,0.00317542,2020-07-29T00:00:00.000Z,0.00328143,0.00315999,0.00319055,21713322.25166495,69941.37319024,0.00322112
60c98ef2a5212bf4bc1a757c,0.00321444,2020-07-30T00:00:00.000Z,0.00323332,0.00314,0.00315782,10901784.11036696,34672.41357694,0.00318043
60c98ef2a5212bf4bc1a757d,0.00320913,2020-07-31T00:00:00.000Z,0.00324251,0.00317904,0.00321444,15077661.96206623,48260.17882546,0.00320077
60c98ef2a5212bf4bc1a757e,0.0037,2020-08-01T00:00:00.000Z,0.00388993,0.00320148,0.00322249,43741481.36383061,157184.10346485,0.00359347
60c98ef2a5212bf4bc1a757f,0.00333323,2020-08-02T00:00:00.000Z,0.0037804,0.00319054,0.00370457,25206464.25660272,86437.11673896,0.00342916
60c98ef2a5212bf4bc1a7580,0.0033636,2020-08-03T00:00:00.000Z,0.00343369,0.00332,0.00333679,4125472.5818247,14001.25413258,0.00339385
60c98ef2a5212bf4bc1a7581,0.00353826,2020-08-04T00:00:00.000Z,0.00358253,0.00336,0.00337297,19028176.39327511,66116.58030512,0.00347466
60c98ef2a5212bf4bc1a7582,0.00351743,2020-08-05T00:00:00.000Z,0.0035847,0.00346894,0.00355982,4971033.06512259,17515.82048684,0.00352357
60c98ef2a5212bf4bc1a7583,0.0035707,2020-08-06T00:00:00.000Z,0.003638,0.00345636,0.0035,4632968.73180487,16307.27937683,0.00351983
60c98ef2a5212bf4bc1a7584,0.00348259,2020-08-07T00:00:00.000Z,0.00360712,0.00337898,0.0035451,6582905.81711615,23023.91649908,0.00349753
60c98ef2a5212bf4bc1a7585,0.0034822,2020-08-08T00:00:00.000Z,0.0035169,0.00341,0.00346876,5044630.4150242,17560.91231136,0.0034811
60c98ef2a5212bf4bc1a7586,0.00344955,2020-08-09T00:00:00.000Z,0.00351743,0.00342515,0.00349538,4244838.79024507,14703.86060764,0.00346393
60c98ef2a5212bf4bc1a7587,0.00349945,2020-08-10T00:00:00.000Z,0.0035458,0.00340622,0.00345133,6972126.09938943,24313.11486274,0.00348718
60c98ef2a5212bf4bc1a7588,0.00338372,2020-08-11T00:00:00.000Z,0.00358,0.00322,0.00349945,14615253.33480315,51357.15213751,0.00351394
60c98ef2a5212bf4bc1a7589,0.00344607,2020-08-12T00:00:00.000Z,0.00348929,0.00333343,0.00335194,10139025.39663588,34984.60021943,0.00345048
60c98ef2a5212bf4bc1a758a,0.00348302,2020-08-13T00:00:00.000Z,0.00350404,0.00333962,0.00346958,4270908.68457218,14606.55462604,0.00342001
60c98ef2a5212bf4bc1a758b,0.00356871,2020-08-14T00:00:00.000Z,0.003576,0.00343503,0.00348699,7329254.31149669,25686.82416492,0.00350469
60c98ef2a5212bf4bc1a758c,0.00353953,2020-08-15T00:00:00.000Z,0.00360954,0.00348784,0.00356871,6878297.0918358,24424.29211932,0.00355092
60c98ef2a5212bf4bc1a758d,0.00353866,2020-08-16T00:00:00.000Z,0.00356004,0.00345,0.00353,11162222.52490187,38992.56368096,0.00349326
60c98ef2a5212bf4bc1a758e,0.00359364,2020-08-17T00:00:00.000Z,0.00372063,0.00350073,0.00353524,19332124.92115445,70111.2926371,0.00362667
60c98ef2a5212bf4bc1a758f,0.00349018,2020-08-18T00:00:00.000Z,0.0037,0.00346138,0.0036,13045764.23851039,46581.52364508,0.00357062
60c98ef2a5212bf4bc1a7590,0.00341923,2020-08-19T00:00:00.000Z,0.00352227,0.00335,0.00350006,10097774.09699899,34491.14774954,0.00341571
60c98ef2a5212bf4bc1a7591,0.00345926,2020-08-20T00:00:00.000Z,0.00349003,0.00337897,0.00341906,5730046.75359365,19656.81947614,0.00343048
60c98ef2a5212bf4bc1a7592,0.00337897,2020-08-21T00:00:00.000Z,0.00356045,0.00337897,0.00345276,4201246.3400473,14543.84013011,0.00346179
60c98ef2a5212bf4bc1a7593,0.00342653,2020-08-22T00:00:00.000Z,0.00345,0.00332,0.00336923,4549006.83230578,15370.68795488,0.00337891
60c98ef2a5212bf4bc1a7594,0.0033858,2020-08-23T00:00:00.000Z,0.00344983,0.003369,0.0034272,1965920.21127392,6712.94967766,0.00341466
60c98ef2a5212bf4bc1a7595,0.00340828,2020-08-24T00:00:00.000Z,0.00346138,0.00337835,0.00338,5504270.95699055,18827.38730412,0.0034205
60c98ef2a5212bf4bc1a7596,0.00330225,2020-08-25T00:00:00.000Z,0.00342,0.00322,0.00340875,6570948.0674823,21825.67252805,0.00332154
60c98ef2a5212bf4bc1a7597,0.00329951,2020-08-26T00:00:00.000Z,0.00333509,0.00324505,0.00327921,4818546.26082722,15786.20303827,0.00327613
60c98ef2a5212bf4bc1a7598,0.00319402,2020-08-27T00:00:00.000Z,0.0033,0.00314308,0.00329951,12760870.98852864,41304.0658882,0.00323677
60c98ef2a5212bf4bc1a7599,0.00325,2020-08-28T00:00:00.000Z,0.00325742,0.00318,0.00319286,2492989.5206782,8010.8780048,0.00321336
60c98ef2a5212bf4bc1a759a,0.00327448,2020-08-29T00:00:00.000Z,0.00329371,0.00324291,0.00324998,7732773.07719552,25298.26506519,0.00327156
60c98ef2a5212bf4bc1a759b,0.00329133,2020-08-30T00:00:00.000Z,0.00334074,0.00326095,0.00328316,8464523.55389345,27845.79285021,0.0032897
60c98ef2a5212bf4bc1a759c,0.00322651,2020-08-31T00:00:00.000Z,0.00330139,0.00319175,0.00330139,18169284.27005042,59247.42641921,0.00326085
60c98ef2a5212bf4bc1a759d,0.00326648,2020-09-01T00:00:00.000Z,0.00328825,0.00318,0.00321032,5538431.08986756,17942.79344579,0.00323968
60c98ef2a5212bf4bc1a759e,0.00311045,2020-09-02T00:00:00.000Z,0.00327,0.00302513,0.00327,12371373.28923068,38575.04879878,0.00311808
60c98ef2a5212bf4bc1a759f,0.00276298,2020-09-03T00:00:00.000Z,0.00311803,0.00273,0.00311803,12304940.31277692,36399.88231877,0.00295815
60c98ef2a5212bf4bc1a75a0,0.00286693,2020-09-04T00:00:00.000Z,0.00295823,0.00272,0.00277621,8006860.42063391,22449.51584316,0.00280378
60c98ef2a5212bf4bc1a75a1,0.00270058,2020-09-05T00:00:00.000Z,0.00292829,0.0027,0.00291361,10199462.77730919,28341.73613734,0.00277874
60c98ef2a5212bf4bc1a75a2,0.00277079,2020-09-06T00:00:00.000Z,0.00281899,0.00269773,0.00275604,3584500.81395737,9861.29199041,0.00275109
60c98ef2a5212bf4bc1a75a3,0.00282684,2020-09-07T00:00:00.000Z,0.00282684,0.00267646,0.0027853,6512226.27414141,17859.42938363,0.00274244
60c98ef2a5212bf4bc1a75a4,0.002756,2020-09-08T00:00:00.000Z,0.00283509,0.002697,0.00281879,4369007.3742959,12037.02613589,0.00275509
60c98ef2a5212bf4bc1a75a5,0.00279429,2020-09-09T00:00:00.000Z,0.002795,0.00268499,0.002756,2932487.33162923,8086.72114139,0.00275763
60c98ef2a5212bf4bc1a75a6,0.00280383,2020-09-10T00:00:00.000Z,0.00284,0.002758,0.002795,5914862.28625377,16561.99435186,0.00280006
60c98ef2a5212bf4bc1a75a7,0.00278504,2020-09-11T00:00:00.000Z,0.00281384,0.00275,0.00280375,2565556.69319963,7143.7331385,0.00278447
60c98ef2a5212bf4bc1a75a8,0.00280132,2020-09-12T00:00:00.000Z,0.00283563,0.00275579,0.00278562,2564457.40849579,7162.4567479,0.00279297
60c98ef2a5212bf4bc1a75a9,0.00277529,2020-09-13T00:00:00.000Z,0.00281967,0.00272845,0.00281402,5455546.61577753,15141.37476458,0.0027754
60c98ef2a5212bf4bc1a75aa,0.00277975,2020-09-14T00:00:00.000Z,0.00280663,0.00273788,0.00276146,4083541.53973091,11331.4721702,0.00277491
60c98ef2a5212bf4bc1a75ab,0.0028244,2020-09-15T00:00:00.000Z,0.00285898,0.00276355,0.00276976,2193537.22926894,6183.26392012,0.00281885
60c98ef2a5212bf4bc1a75ac,0.00280068,2020-09-16T00:00:00.000Z,0.00283985,0.00278461,0.00280474,12812194.97210044,36114.947435,0.00281879
60c98ef2a5212bf4bc1a75ad,0.0028061,2020-09-17T00:00:00.000Z,0.00285501,0.0027796,0.00282342,3290566.96207618,9238.9056902,0.00280769
60c98ef2a5212bf4bc1a75ae,0.00278651,2020-09-18T00:00:00.000Z,0.00281927,0.00275003,0.00280304,4516437.23331854,12589.81924201,0.00278755
60c98ef2a5212bf4bc1a75af,0.00278773,2020-09-19T00:00:00.000Z,0.00281094,0.00277201,0.00277891,1329584.16972403,3708.02468774,0.00278886
60c98ef2a5212bf4bc1a75b0,0.00276381,2020-09-20T00:00:00.000Z,0.00279884,0.00272999,0.00277961,1730182.63998515,4784.31521257,0.0027652
60c98ef2a5212bf4bc1a75b1,0.00260983,2020-09-21T00:00:00.000Z,0.00279799,0.00257482,0.00276754,9144968.99523542,24489.09093404,0.00267787
60c98ef2a5212bf4bc1a75b2,0.00265188,2020-09-22T00:00:00.000Z,0.00266364,0.00258669,0.00260502,7006475.75060535,18386.11244078,0.00262415
60c98ef2a5212bf4bc1a75b3,0.00255588,2020-09-23T00:00:00.000Z,0.00265189,0.00255,0.00265189,8017354.79575143,20778.40651613,0.00259167
60c98ef2a5212bf4bc1a75b4,0.00262513,2020-09-24T00:00:00.000Z,0.00266999,0.00254,0.00254028,7677196.25569505,19971.58792089,0.00260141
60c98ef2a5212bf4bc1a75b5,0.00270008,2020-09-25T00:00:00.000Z,0.00271,0.00260994,0.00261461,4053153.24745091,10790.06930667,0.00266214
60c98ef2a5212bf4bc1a75b6,0.002713,2020-09-26T00:00:00.000Z,0.00275,0.00268128,0.00270008,2074182.46840128,5626.68754193,0.00271272
60c98ef2a5212bf4bc1a75b7,0.00269645,2020-09-27T00:00:00.000Z,0.00273525,0.00266477,0.002712,470077.7364288,1269.45512569,0.00270052
60c98ef2a5212bf4bc1a75b8,0.00265189,2020-09-28T00:00:00.000Z,0.00274547,0.00263,0.00271107,4483860.58558817,12082.86821378,0.00269474
60c98ef2a5212bf4bc1a75b9,0.00267707,2020-09-29T00:00:00.000Z,0.0027,0.00263801,0.00266385,2396863.09492913,6424.99418168,0.00268058
60c98ef2a5212bf4bc1a75ba,0.00264508,2020-09-30T00:00:00.000Z,0.00267456,0.0026216,0.00266923,3077948.05518859,8162.57848233,0.00265195
60c98ef2a5212bf4bc1a75bb,0.00263987,2020-10-01T00:00:00.000Z,0.00267971,0.00257482,0.00264486,3032613.75122284,8013.47587857,0.00264243
60c98ef2a5212bf4bc1a75bc,0.00260456,2020-10-02T00:00:00.000Z,0.0026216,0.002535,0.0026216,4652357.36612617,11933.86486654,0.00256512
60c98ef2a5212bf4bc1a75bd,0.00258645,2020-10-03T00:00:00.000Z,0.00262812,0.00258253,0.00258643,1906613.34497822,4978.04033437,0.00261093
60c98ef2a5212bf4bc1a75be,0.00263689,2020-10-04T00:00:00.000Z,0.0026737,0.00259,0.00259,3438724.59828267,9101.20907561,0.00264668
60c98ef2a5212bf4bc1a75bf,0.00261488,2020-10-05T00:00:00.000Z,0.00264959,0.00260059,0.00264944,6003880.42277782,15712.18324135,0.002617
60c98ef2a5212bf4bc1a75c0,0.00258643,2020-10-06T00:00:00.000Z,0.00262809,0.00257001,0.00261874,3167890.11120233,8250.38741439,0.00260437
60c98ef2a5212bf4bc1a75c1,0.00258106,2020-10-07T00:00:00.000Z,0.00260456,0.00256325,0.00258643,898378.29935826,2320.52845795,0.00258301
60c98ef2a5212bf4bc1a75c2,0.00261491,2020-10-08T00:00:00.000Z,0.00262486,0.0025483,0.00258106,5961715.06993279,15457.6072784,0.00259281
60c98ef2a5212bf4bc1a75c3,0.00267421,2020-10-09T00:00:00.000Z,0.00267421,0.0025906,0.0026148,9754341.68118372,25783.43527624,0.00264327
60c98ef2a5212bf4bc1a75c4,0.00265778,2020-10-10T00:00:00.000Z,0.0027245,0.00265725,0.00266968,4279959.26502486,11530.24750881,0.002694
60c98ef2a5212bf4bc1a75c5,0.00266959,2020-10-11T00:00:00.000Z,0.0027,0.00265599,0.00267579,3861088.29669732,10294.04274543,0.00266609
60c98ef2a5212bf4bc1a75c6,0.00266923,2020-10-12T00:00:00.000Z,0.00270777,0.00263344,0.00267166,2843450.17384667,7619.40137809,0.00267963
60c98ef2a5212bf4bc1a75c7,0.00263855,2020-10-13T00:00:00.000Z,0.00268793,0.00263357,0.00266622,1354973.45562909,3606.96214846,0.00266201
60c98ef2a5212bf4bc1a75c8,0.00263115,2020-10-14T00:00:00.000Z,0.00265201,0.00262399,0.00265201,1365190.32967371,3599.2722234,0.00263646
60c98ef2a5212bf4bc1a75c9,0.00259519,2020-10-15T00:00:00.000Z,0.00263894,0.0025745,0.00263141,1904144.58470323,4960.15950945,0.00260492
60c98ef2a5212bf4bc1a75ca,0.00261797,2020-10-16T00:00:00.000Z,0.00261843,0.00255175,0.00259222,2662955.42515038,6890.65758585,0.00258759
60c98ef2a5212bf4bc1a75cb,0.00257821,2020-10-17T00:00:00.000Z,0.00259917,0.00257817,0.00259811,1057884.70423132,2741.95091181,0.00259191
60c98ef2a5212bf4bc1a75cc,0.00259669,2020-10-18T00:00:00.000Z,0.00260318,0.00257898,0.00259438,1090198.06248201,2825.69614764,0.00259191
60c98ef2a5212bf4bc1a75cd,0.00258645,2020-10-19T00:00:00.000Z,0.00261521,0.002575,0.0026006,1206521.31877892,3120.4997619,0.00258636
60c98ef2a5212bf4bc1a75ce,0.0025902,2020-10-20T00:00:00.000Z,0.00262809,0.00258122,0.0026018,9147769.13754389,23864.30145782,0.00260875
60c98ef2a5212bf4bc1a75cf,0.00262057,2020-10-21T00:00:00.000Z,0.00265854,0.00258175,0.0025963,5396492.0620954,14144.95459396,0.00262113
60c98ef2a5212bf4bc1a75d0,0.00264342,2020-10-22T00:00:00.000Z,0.00268375,0.00262244,0.00262244,6448384.83992162,17162.58186572,0.00266153
60c98ef2a5212bf4bc1a75d1,0.00264553,2020-10-23T00:00:00.000Z,0.00268375,0.00263,0.00264342,3023212.50330509,8050.22495193,0.0026628
60c98ef2a5212bf4bc1a75d2,0.00264445,2020-10-24T00:00:00.000Z,0.00266,0.00261503,0.00264549,5768412.27128535,15230.70595623,0.00264036
60c98ef2a5212bf4bc1a75d3,0.00264448,2020-10-25T00:00:00.000Z,0.00267355,0.0026216,0.0026445,1909897.98332001,5054.62333305,0.00264654
60c98ef2a5212bf4bc1a75d4,0.00266851,2020-10-26T00:00:00.000Z,0.00289999,0.00263508,0.00264255,25333612.6377585,70905.6374038,0.00279887
60c98ef2a5212bf4bc1a75d5,0.00265725,2020-10-27T00:00:00.000Z,0.00269999,0.002626,0.00266394,12573746.11359397,33710.56987122,0.00268102
60c98ef2a5212bf4bc1a75d6,0.00257835,2020-10-28T00:00:00.000Z,0.00271,0.00257,0.00267588,4427274.75926172,11622.86203377,0.00262528
60c98ef2a5212bf4bc1a75d7,0.00256963,2020-10-29T00:00:00.000Z,0.00261628,0.002516,0.00257836,5763037.38996158,14769.25276825,0.00256275
60c98ef2a5212bf4bc1a75d8,0.00258857,2020-10-30T00:00:00.000Z,0.00259989,0.002516,0.00256568,4818252.90149703,12312.17253732,0.00255531
60c98ef2a5212bf4bc1a75d9,0.00257469,2020-10-31T00:00:00.000Z,0.00259565,0.00253701,0.00258537,3681612.7622041,9453.49970685,0.00256776
60c98ef2a5212bf4bc1a75da,0.00257164,2020-11-01T00:00:00.000Z,0.0025812,0.00256,0.00256325,3488844.32683932,8964.34973928,0.00256943
60c98ef2a5212bf4bc1a75db,0.00252344,2020-11-02T00:00:00.000Z,0.00258345,0.00251253,0.00256912,5645612.47477474,14355.86362288,0.00254283
60c98ef2a5212bf4bc1a75dc,0.00251532,2020-11-03T00:00:00.000Z,0.00252835,0.00246048,0.00251189,4604100.03324707,11550.45459572,0.00250873
60c98ef2a5212bf4bc1a75dd,0.00255719,2020-11-04T00:00:00.000Z,0.00255809,0.00249496,0.00252284,6821941.40846226,17199.44082941,0.00252119
60c98ef2a5212bf4bc1a75de,0.00264095,2020-11-05T00:00:00.000Z,0.00266666,0.002538,0.00255336,16246980.19985719,42070.55953641,0.00258943
60c98ef2a5212bf4bc1a75df,0.00275872,2020-11-06T00:00:00.000Z,0.00281302,0.00262441,0.00263333,30136886.34938852,82724.29957804,0.00274495
60c98ef2a5212bf4bc1a75e0,0.00267492,2020-11-07T00:00:00.000Z,0.00282205,0.00260091,0.00275872,11800750.89200526,32485.47582458,0.00275283
60c98ef2a5212bf4bc1a75e1,0.00270449,2020-11-08T00:00:00.000Z,0.0027369,0.00265725,0.00266266,6034464.88459596,16384.10600343,0.00271508
60c98ef2a5212bf4bc1a75e2,0.00266923,2020-11-09T00:00:00.000Z,0.0027865,0.00266923,0.00271835,8797150.67287825,23835.15839617,0.00270941
60c98ef2a5212bf4bc1a75e3,0.00275645,2020-11-10T00:00:00.000Z,0.00289193,0.00265732,0.00265784,7167723.54266107,19955.27332498,0.00278404
60c98ef2a5212bf4bc1a75e4,0.00275645,2020-11-11T00:00:00.000Z,0.00286935,0.0027514,0.00277903,7992410.63393003,22501.12863831,0.00281531
60c98ef2a5212bf4bc1a75e5,0.0027803,2020-11-12T00:00:00.000Z,0.00279264,0.00271942,0.00275125,2752592.9494516,7597.65912698,0.00276018
60c98ef2a5212bf4bc1a75e6,0.00282385,2020-11-13T00:00:00.000Z,0.00284,0.00277775,0.00279346,5269652.9637346,14814.2441744,0.00281123
60c98ef2a5212bf4bc1a75e7,0.00277903,2020-11-14T00:00:00.000Z,0.00281421,0.00272135,0.00280161,2569592.70136128,7083.98501478,0.00275685
60c98ef2a5212bf4bc1a75e8,0.00276142,2020-11-15T00:00:00.000Z,0.0028,0.00273387,0.00277903,1604621.94674786,4441.70108665,0.00276806
60c98ef2a5212bf4bc1a75e9,0.00290348,2020-11-16T00:00:00.000Z,0.00302741,0.00275582,0.002775,15135826.75966473,43870.50585948,0.00289845
60c98ef2a5212bf4bc1a75ea,0.002957,2020-11-17T00:00:00.000Z,0.00299703,0.00289216,0.00289987,16201143.99478817,47566.47434682,0.00293599
60c98ef2a5212bf4bc1a75eb,0.00291089,2020-11-18T00:00:00.000Z,0.00300952,0.00282,0.00293614,23273472.13892296,68080.11668424,0.00292522
60c98ef2a5212bf4bc1a75ec,0.00291038,2020-11-19T00:00:00.000Z,0.00295787,0.00286935,0.00289841,7314629.14392375,21367.88603604,0.00292125
60c98ef2a5212bf4bc1a75ed,0.00300394,2020-11-20T00:00:00.000Z,0.0030187,0.0028981,0.00291222,50649058.1884452,150464.10751379,0.00297071
60c98ef2a5212bf4bc1a75ee,0.00351945,2020-11-21T00:00:00.000Z,0.00361903,0.00298379,0.00299848,101724447.91127771,338000.44372824,0.0033227
60c98ef2a5212bf4bc1a75ef,0.00333233,2020-11-22T00:00:00.000Z,0.0036769,0.00316671,0.00354203,38048435.77941453,129373.27148261,0.00340022
60c98ef2a5212bf4bc1a75f0,0.00367179,2020-11-23T00:00:00.000Z,0.003711,0.00321068,0.00336138,31238854.35166919,107575.67106945,0.00344364
60c98ef2a5212bf4bc1a75f1,0.00426599,2020-11-24T00:00:00.000Z,0.00426863,0.00354353,0.00370009,149117513.75090295,576841.2248495,0.00386836
60c98ef2a5212bf4bc1a75f2,0.00370401,2020-11-25T00:00:00.000Z,0.00428223,0.0036,0.00425388,94683527.72155759,378039.30841035,0.00399266
60c98ef2a5212bf4bc1a75f3,0.00323988,2020-11-26T00:00:00.000Z,0.00378524,0.00296302,0.00370087,53561554.29710418,175175.46797516,0.00327054
60c98ef2a5212bf4bc1a75f4,0.00326666,2020-11-27T00:00:00.000Z,0.00335,0.00308912,0.00321613,10491067.26479285,34001.51837166,0.00324099
60c98ef2a5212bf4bc1a75f5,0.00339008,2020-11-28T00:00:00.000Z,0.00347634,0.0032474,0.00327,6211963.81154064,20981.15349667,0.00337753
60c98ef2a5212bf4bc1a75f6,0.00343844,2020-11-29T00:00:00.000Z,0.00353225,0.00335,0.00340189,6979458.99684677,23918.14788009,0.00342693
60c98ef2a5212bf4bc1a75f7,0.00354604,2020-11-30T00:00:00.000Z,0.0035863,0.00340568,0.00346451,12098089.35744553,42563.99097695,0.00351824
60c98ef2a5212bf4bc1a75f8,0.00332,2020-12-01T00:00:00.000Z,0.00358,0.00326714,0.00355935,12975847.78398777,44617.87992657,0.00343853
60c98ef2a5212bf4bc1a75f9,0.00337273,2020-12-02T00:00:00.000Z,0.00342763,0.00328387,0.00332,6997427.41233122,23660.17589924,0.00338126
60c98ef2a5212bf4bc1a75fa,0.00342899,2020-12-03T00:00:00.000Z,0.00350967,0.00334523,0.00338569,4658825.73790258,15981.4421883,0.00343035
60c98ef2a5212bf4bc1a75fb,0.00330406,2020-12-04T00:00:00.000Z,0.00343659,0.00322989,0.00343349,5915879.21643366,19531.76961136,0.00330158
60c98ef2a5212bf4bc1a75fc,0.00338807,2020-12-05T00:00:00.000Z,0.0034,0.00326129,0.00328388,2602002.05766082,8722.78656059,0.00335233
60c98ef2a5212bf4bc1a75fd,0.003383,2020-12-06T00:00:00.000Z,0.00342763,0.00335,0.00338808,3590787.44342502,12190.82959341,0.00339502
60c98ef2a5212bf4bc1a75fe,0.00334,2020-12-07T00:00:00.000Z,0.00340506,0.00330922,0.0033842,3801064.51037984,12742.34347286,0.0033523
60c98ef2a5212bf4bc1a75ff,0.00316309,2020-12-08T00:00:00.000Z,0.00335161,0.00310918,0.00332065,6557483.19726331,21327.22271521,0.00325234
60c98ef2a5212bf4bc1a7600,0.00316548,2020-12-09T00:00:00.000Z,0.00317776,0.00301,0.0031592,13450003.9187871,41555.07208703,0.00308959
60c98ef2a5212bf4bc1a7601,0.00311669,2020-12-10T00:00:00.000Z,0.00316769,0.00306724,0.00314838,2716430.99441378,8497.33731064,0.00312812
60c98ef2a5212bf4bc1a7602,0.00308529,2020-12-11T00:00:00.000Z,0.00309447,0.003,0.00309447,4435485.50009865,13527.41228173,0.00304981
60c98ef2a5212bf4bc1a7603,0.00316877,2020-12-12T00:00:00.000Z,0.00318396,0.00309609,0.00309609,4537209.35897702,14298.45664835,0.00315137
60c98ef2a5212bf4bc1a7604,0.00325509,2020-12-13T00:00:00.000Z,0.00328999,0.00314839,0.0031571,3615446.46760569,11620.13987125,0.00321402
60c98ef2a5212bf4bc1a7605,0.00321968,2020-12-14T00:00:00.000Z,0.00328264,0.00318651,0.00324313,3080898.62172912,9926.22868602,0.00322186
60c98ef2a5212bf4bc1a7606,0.00320841,2020-12-15T00:00:00.000Z,0.00325,0.00317539,0.00322036,2210230.2368457,7087.25363568,0.00320656
60c98ef2a5212bf4bc1a7607,0.00342473,2020-12-16T00:00:00.000Z,0.00343655,0.00318033,0.00319807,21474217.97703334,70967.41532323,0.00330477
60c98ef2a5212bf4bc1a7608,0.003716,2020-12-17T00:00:00.000Z,0.004088,0.0033996,0.00342473,83195827.54255386,307302.11501069,0.00369372
60c98ef2a5212bf4bc1a7609,0.00385752,2020-12-18T00:00:00.000Z,0.00397456,0.00360867,0.00370059,10039998.21855148,38494.63980056,0.00383412
60c98ef2a5212bf4bc1a760a,0.00390067,2020-12-19T00:00:00.000Z,0.00401312,0.00381422,0.00386659,13144650.20928532,51708.93143306,0.00393383
60c98ef2a5212bf4bc1a760b,0.00465613,2020-12-20T00:00:00.000Z,0.00468905,0.00380001,0.00388221,86952124.39363992,385159.63666374,0.00442955
60c98ef2a5212bf4bc1a760c,0.00478352,2020-12-21T00:00:00.000Z,0.0053814,0.00422525,0.00465217,141483128.62330198,690608.8345965,0.0048812
60c98ef2a5212bf4bc1a760d,0.00450955,2020-12-22T00:00:00.000Z,0.00483995,0.00428531,0.00478477,23187731.06104258,106166.14017439,0.00457854
60c98ef2a5212bf4bc1a760e,0.003828,2020-12-23T00:00:00.000Z,0.00475235,0.003637,0.00450953,38407532.6321657,163520.75316306,0.00425751
60c98ef2a5212bf4bc1a760f,0.00455602,2020-12-24T00:00:00.000Z,0.0045874,0.00369484,0.00377581,29882257.86661303,126762.8540252,0.00424207
60c98ef2a5212bf4bc1a7610,0.00460743,2020-12-25T00:00:00.000Z,0.00464978,0.00437595,0.00456516,19016876.659737,86029.7601773,0.00452386
60c98ef2a5212bf4bc1a7611,0.00451278,2020-12-26T00:00:00.000Z,0.00465546,0.00437801,0.00455743,22434473.3405847,100857.05687884,0.00449562
60c98ef2a5212bf4bc1a7612,0.00455638,2020-12-27T00:00:00.000Z,0.00482,0.00436763,0.00450623,26687377.40185145,123146.800372,0.00461442
60c98ef2a5212bf4bc1a7613,0.00460358,2020-12-28T00:00:00.000Z,0.00472921,0.0045123,0.00455108,20897125.65777227,96892.3658165,0.00463663
60c98ef2a5212bf4bc1a7614,0.00448907,2020-12-29T00:00:00.000Z,0.00460994,0.00424336,0.0046,13650211.13603842,60054.29159455,0.00439951
60c98ef2a5212bf4bc1a7615,0.00463467,2020-12-30T00:00:00.000Z,0.00474442,0.00445743,0.00449764,10289370.36741854,47012.15925924,0.004569
60c98ef2a5212bf4bc1a7616,0.00469137,2020-12-31T00:00:00.000Z,0.00475,0.00453416,0.00465714,10092346.83125699,46734.36086403,0.00463067
60c98ef2a5212bf4bc1a7617,0.005666,2021-01-01T00:00:00.000Z,0.00566999,0.00461743,0.00466365,87937022.68766157,447697.34120224,0.00509111
60c98ef2a5212bf4bc1a7618,0.010342,2021-01-02T00:00:00.000Z,0.014,0.00548781,0.005666,437019171.8506857,3953720.60332238,0.00904701
60c98ef2a5212bf4bc1a7619,0.0098,2021-01-03T00:00:00.000Z,0.01389215,0.0093075,0.01041755,178665371.02127922,2063099.73068927,0.01154728
60c98ef2a5212bf4bc1a761a,0.00973726,2021-01-04T00:00:00.000Z,0.01149301,0.0075,0.00976504,162393732.1136564,1537638.15517129,0.00946858
60c98ef2a5212bf4bc1a761b,0.00993779,2021-01-05T00:00:00.000Z,0.01025,0.00871897,0.0097531,44666694.14399226,424207.36493932,0.00949717
60c98ef2a5212bf4bc1a761c,0.010499,2021-01-06T00:00:00.000Z,0.01099998,0.0095,0.01004283,36143298.89273589,368545.69015662,0.01019679
60c98ef2a5212bf4bc1a761d,0.00983114,2021-01-07T00:00:00.000Z,0.01054375,0.0089,0.01040519,41430599.72807188,414752.14275868,0.01001076
60c98ef2a5212bf4bc1a761e,0.00972235,2021-01-08T00:00:00.000Z,0.010261,0.00884275,0.00975,37660497.31881853,358561.82778549,0.00952089
60c98ef2a5212bf4bc1a761f,0.0102242,2021-01-09T00:00:00.000Z,0.01072163,0.00961456,0.00978308,33348333.53478184,341159.3366452,0.01023017
60c98ef2a5212bf4bc1a7620,0.00987457,2021-01-10T00:00:00.000Z,0.01088648,0.009,0.0102242,39074775.1405476,395140.82687016,0.01011242
60c98ef2a5212bf4bc1a7621,0.00878704,2021-01-11T00:00:00.000Z,0.00978573,0.00674152,0.00978573,52730101.93768093,429632.79335088,0.00814777
60c98ef2a5212bf4bc1a7622,0.00810068,2021-01-12T00:00:00.000Z,0.00917999,0.007846,0.00873637,30416722.3270399,259475.47912941,0.00853068
60c98ef2a5212bf4bc1a7623,0.00865373,2021-01-13T00:00:00.000Z,0.00865373,0.00767301,0.00810064,12312906.73950576,101045.0168667,0.00820643
60c98ef2a5212bf4bc1a7624,0.00939245,2021-01-14T00:00:00.000Z,0.01005304,0.00835273,0.00869713,25394703.27781938,234042.43117418,0.00921619
60c98ef2a5212bf4bc1a7625,0.00935,2021-01-15T00:00:00.000Z,0.00984573,0.00837137,0.00940379,21161708.51488553,197057.90492251,0.009312
60c98ef2a5212bf4bc1a7626,0.0091913,2021-01-16T00:00:00.000Z,0.00951632,0.0090741,0.0094,12741320.47162973,117707.51152332,0.00923825
60c98ef2a5212bf4bc1a7627,0.0090824,2021-01-17T00:00:00.000Z,0.00937791,0.0088,0.0091209,6636939.98603072,60609.67667126,0.00913217
60c98ef2a5212bf4bc1a7628,0.00917942,2021-01-18T00:00:00.000Z,0.00929982,0.00894103,0.00909137,9320666.15986731,85196.33165419,0.00914058
60c98ef2a5212bf4bc1a7629,0.00904836,2021-01-19T00:00:00.000Z,0.0096,0.008966,0.00919985,19546372.88075081,181196.15214131,0.00927006
60c98ef2a5212bf4bc1a762a,0.00905,2021-01-20T00:00:00.000Z,0.00912779,0.0085283,0.00904075,12562953.07121751,111793.91343495,0.00889869
60c98ef2a5212bf4bc1a762b,0.00808198,2021-01-21T00:00:00.000Z,0.00909031,0.00805336,0.00906289,13980571.83135127,118960.90518742,0.00850901
60c98ef2a5212bf4bc1a762c,0.00845955,2021-01-22T00:00:00.000Z,0.00869945,0.0076,0.00804539,17664113.47316454,148771.51815741,0.00842224
60c98ef2a5212bf4bc1a762d,0.00852997,2021-01-23T00:00:00.000Z,0.00878538,0.008355,0.00843947,5653280.47496697,48729.1732952,0.00861962
60c98ef2a5212bf4bc1a762e,0.00866568,2021-01-24T00:00:00.000Z,0.008933,0.00850307,0.00852997,4406373.69673259,38392.26070682,0.00871289
60c98ef2a5212bf4bc1a762f,0.00840357,2021-01-25T00:00:00.000Z,0.0089,0.00824072,0.00867827,8367987.18308684,72366.98735036,0.00864807
60c98ef2a5212bf4bc1a7630,0.0082311,2021-01-26T00:00:00.000Z,0.00846912,0.008,0.0083275,7674248.92608638,62954.25573199,0.00820331
60c98ef2a5212bf4bc1a7631,0.00748378,2021-01-27T00:00:00.000Z,0.00824973,0.00726625,0.00824973,7829031.72413031,60076.00739849,0.00767349
60c98ef2a5212bf4bc1a7632,0.03149999,2021-01-28T00:00:00.000Z,0.03363922,0.00729944,0.00743865,434193357.6980297,7946821.34774207,0.01830249
60c98ef2a5212bf4bc1a7633,0.04201,2021-01-29T00:00:00.000Z,0.06692629,0.023,0.03050028,606376734.8120857,26148876.5223085,0.04312315
60c98ef2a5212bf4bc1a7634,0.02581821,2021-01-30T00:00:00.000Z,0.0445301,0.02082,0.04201,168879163.21666786,5023547.28493351,0.0297464
60c98ef2a5212bf4bc1a7635,0.03388842,2021-01-31T00:00:00.000Z,0.0399,0.02482077,0.02551926,143252658.31892285,4481801.28901205,0.03128599
60c98ef2a5212bf4bc1a7636,0.03415,2021-02-01T00:00:00.000Z,0.03772952,0.031276,0.03388266,134514115.67152318,4705826.65624356,0.03498388
60c98ef2a5212bf4bc1a7637,0.03127919,2021-02-02T00:00:00.000Z,0.03522333,0.02851548,0.03411311,63391416.6562429,2010281.50984396,0.0317122
60c98ef2a5212bf4bc1a7638,0.0372788,2021-02-03T00:00:00.000Z,0.03977671,0.03100001,0.03127919,43605900.58470113,1501577.15752633,0.03443518
60c98ef2a5212bf4bc1a7639,0.053,2021-02-04T00:00:00.000Z,0.059,0.03586,0.03702828,194980748.00310674,9564439.23657456,0.04905324
60c98ef2a5212bf4bc1a763a,0.04686765,2021-02-05T00:00:00.000Z,0.0544059,0.04328378,0.05274253,61504721.77941036,2903853.05423997,0.04721349
60c98ef2a5212bf4bc1a763b,0.05750737,2021-02-06T00:00:00.000Z,0.05888849,0.0445,0.04697716,64639856.15831856,3386866.53967103,0.05239594
60c98ef2a5212bf4bc1a763c,0.07806865,2021-02-07T00:00:00.000Z,0.08689945,0.05341972,0.05779833,159465878.12009686,10731283.15935195,0.06729516
60c98ef2a5212bf4bc1a763d,0.07854425,2021-02-08T00:00:00.000Z,0.085,0.063,0.07805224,131575999.48680452,9939932.85793632,0.07554518
60c98ef2a5212bf4bc1a763e,0.07,2021-02-09T00:00:00.000Z,0.08376458,0.063,0.07888735,70868682.11540721,5212248.0078463,0.07354797
60c98ef2a5212bf4bc1a763f,0.07285148,2021-02-10T00:00:00.000Z,0.0815,0.06716625,0.07013,114168422.96534196,8347435.44513894,0.07311509
60c98ef2a5212bf4bc1a7640,0.06972176,2021-02-11T00:00:00.000Z,0.07504699,0.068,0.07281496,35624829.62817448,2543641.3143418,0.07140079
60c98ef2a5212bf4bc1a7641,0.06979591,2021-02-12T00:00:00.000Z,0.0728,0.06099997,0.06972176,53954208.73239695,3653472.08094752,0.06771431
60c98ef2a5212bf4bc1a7642,0.06619184,2021-02-13T00:00:00.000Z,0.0718,0.06571883,0.06997537,50067634.23932162,3416438.42255577,0.06823646
60c98ef2a5212bf4bc1a7643,0.062503,2021-02-14T00:00:00.000Z,0.06648243,0.05581632,0.06619183,68012779.2089681,4241840.24442405,0.06236828
60c98ef2a5212bf4bc1a7644,0.05678018,2021-02-15T00:00:00.000Z,0.064,0.04776,0.06234693,72191600.91493975,4107824.3739372,0.05690169
60c98ef2a5212bf4bc1a7645,0.05359262,2021-02-16T00:00:00.000Z,0.059718,0.05070251,0.05642857,52699313.16551616,2917859.76744944,0.05536807
60c98ef2a5212bf4bc1a7646,0.04946575,2021-02-17T00:00:00.000Z,0.05510394,0.0479,0.05377812,45559337.37911038,2351056.55183166,0.05160427
60c98ef2a5212bf4bc1a7647,0.05887755,2021-02-18T00:00:00.000Z,0.06473991,0.04893831,0.0495623,82643257.59591834,4585047.55095782,0.05547999
60c98ef2a5212bf4bc1a7648,0.05510464,2021-02-19T00:00:00.000Z,0.05969386,0.0542,0.05893212,33508396.82533195,1881159.39611816,0.05613994
60c98ef2a5212bf4bc1a7649,0.05391817,2021-02-20T00:00:00.000Z,0.061,0.051,0.05509833,62968748.14106995,3511905.54021156,0.05577219
60c98ef2a5212bf4bc1a764a,0.05593099,2021-02-21T00:00:00.000Z,0.0592,0.05331498,0.05411318,29212607.03050703,1649675.12275176,0.05647134
60c98ef2a5212bf4bc1a764b,0.05362376,2021-02-22T00:00:00.000Z,0.06067352,0.04740933,0.0560204,49977319.16005759,2740693.52555128,0.05483874
60c98ef2a5212bf4bc1a764c,0.04797663,2021-02-23T00:00:00.000Z,0.05367855,0.04149119,0.05361758,61400049.32674174,2934204.33328295,0.0477883
60c98ef2a5212bf4bc1a764d,0.05663265,2021-02-24T00:00:00.000Z,0.06043947,0.04597874,0.04796,47841679.5504919,2658619.19157341,0.05557119
60c98ef2a5212bf4bc1a764e,0.05004928,2021-02-25T00:00:00.000Z,0.058,0.04957,0.05681,19134585.27957767,1029765.46812163,0.05381697
60c98ef2a5212bf4bc1a764f,0.05040989,2021-02-26T00:00:00.000Z,0.0525,0.0485951,0.05005743,12825029.81781458,647416.47615619,0.05048069
60c98ef2a5212bf4bc1a7650,0.05002864,2021-02-27T00:00:00.000Z,0.052,0.0491296,0.05055176,10762990.46344166,543154.98830579,0.05046506
60c98ef2a5212bf4bc1a7651,0.04816326,2021-02-28T00:00:00.000Z,0.05015733,0.04484167,0.0499663,12902317.6875489,614076.66912096,0.04759429
60c98ef2a5212bf4bc1a7652,0.05052466,2021-03-01T00:00:00.000Z,0.053,0.04791517,0.04816326,12146348.05334611,607353.7983912,0.05000299
60c98ef2a5212bf4bc1a7653,0.05028735,2021-03-02T00:00:00.000Z,0.05244896,0.0491883,0.05065631,9914828.94844604,503874.59776799,0.0508203
60c98ef2a5212bf4bc1a7654,0.05047,2021-03-03T00:00:00.000Z,0.05222057,0.05000204,0.05038015,8224269.32853106,419273.08387633,0.05097997
60c98ef2a5212bf4bc1a7655,0.05009447,2021-03-04T00:00:00.000Z,0.05118447,0.0477551,0.05044305,8811793.34822358,438588.50195231,0.04977289
60c98ef2a5212bf4bc1a7656,0.04944779,2021-03-05T00:00:00.000Z,0.05095441,0.048,0.05000845,8026854.96470004,395754.38574931,0.04930379
60c98ef2a5212bf4bc1a7657,0.05096848,2021-03-06T00:00:00.000Z,0.05244897,0.0495308,0.04975576,9209674.79802067,469862.04262383,0.0510183
60c98ef2a5212bf4bc1a7658,0.0519164,2021-03-07T00:00:00.000Z,0.05235334,0.0505,0.05096851,7539453.89315559,386522.03257328,0.05126658
60c98ef2a5212bf4bc1a7659,0.06293039,2021-03-08T00:00:00.000Z,0.06293039,0.05161799,0.05224489,30307457.37466214,1721618.93477687,0.05680512
60c98ef2a5212bf4bc1a765a,0.0580265,2021-03-09T00:00:00.000Z,0.06289669,0.05605274,0.06289669,32292876.14509515,1867513.24038806,0.0578305
60c98ef2a5212bf4bc1a765b,0.05595779,2021-03-10T00:00:00.000Z,0.05872743,0.05459608,0.05798897,12751453.92790559,715524.70106363,0.05611318
60c98ef2a5212bf4bc1a765c,0.05583888,2021-03-11T00:00:00.000Z,0.05688997,0.05436734,0.05599766,12401213.80883294,688318.81552943,0.05550414
60c98ef2a5212bf4bc1a765d,0.05529178,2021-03-12T00:00:00.000Z,0.05698979,0.0542,0.05591227,13863477.56009907,767849.28906283,0.05538648
60c98ef2a5212bf4bc1a765e,0.06290537,2021-03-13T00:00:00.000Z,0.06299,0.0546579,0.05528301,18907218.6695447,1094413.62190209,0.05788337
60c98ef2a5212bf4bc1a765f,0.05832119,2021-03-14T00:00:00.000Z,0.063717,0.05832119,0.06290537,24911900.20947811,1513825.25447665,0.06076715
60c98ef2a5212bf4bc1a7660,0.05708503,2021-03-15T00:00:00.000Z,0.05970198,0.05500225,0.0583,9511315.45739732,544709.61304588,0.05726964
60c98ef2a5212bf4bc1a7661,0.05856,2021-03-16T00:00:00.000Z,0.05906354,0.05545048,0.05678571,10108592.30266617,583045.16070882,0.05767817
60c98ef2a5212bf4bc1a7662,0.05789243,2021-03-17T00:00:00.000Z,0.05889999,0.05657142,0.05859186,4095050.28010711,236250.85772812,0.0576918
60c98ef2a5212bf4bc1a7663,0.05728045,2021-03-18T00:00:00.000Z,0.05921418,0.05698979,0.05790391,8766497.47592617,508763.90364292,0.05803502
60c98ef2a5212bf4bc1a7664,0.05838151,2021-03-19T00:00:00.000Z,0.05996156,0.05647959,0.05734488,8031350.4064193,467152.79546127,0.05816615
60c98ef2a5212bf4bc1a7665,0.05884441,2021-03-20T00:00:00.000Z,0.06061525,0.05801021,0.05832988,11714705.47438549,695269.74167896,0.05935016
60c98ef2a5212bf4bc1a7666,0.05744737,2021-03-21T00:00:00.000Z,0.05953528,0.05678571,0.0588444,9402985.78122393,543045.19778635,0.05775242
60c98ef2a5212bf4bc1a7667,0.05490218,2021-03-22T00:00:00.000Z,0.05795534,0.05451045,0.05744737,10183471.94512324,572453.78370523,0.056214
60c98ef2a5212bf4bc1a7668,0.05341836,2021-03-23T00:00:00.000Z,0.05603236,0.05267962,0.05485714,8418238.09076168,457627.01063658,0.05436137
60c98ef2a5212bf4bc1a7669,0.05159513,2021-03-24T00:00:00.000Z,0.05668064,0.05096299,0.05367346,8591282.7351209,465232.69417317,0.05415171
60c98ef2a5212bf4bc1a766a,0.05137755,2021-03-25T00:00:00.000Z,0.05239795,0.0496,0.05144773,10743050.28599727,547828.95718222,0.05099379
60c98ef2a5212bf4bc1a766b,0.05397959,2021-03-26T00:00:00.000Z,0.05397959,0.05137755,0.05147128,3269283.69425294,172104.34658798,0.05264283
60c98ef2a5212bf4bc1a766c,0.05441465,2021-03-27T00:00:00.000Z,0.05543396,0.05337467,0.05397959,3862541.14374579,209891.88675185,0.05434036
60c98ef2a5212bf4bc1a766d,0.05362123,2021-03-28T00:00:00.000Z,0.05482132,0.05305851,0.05452754,3801917.66952467,205613.3264797,0.05408147
60c98ef2a5212bf4bc1a766e,0.05405573,2021-03-29T00:00:00.000Z,0.05467025,0.05321055,0.05372676,3412667.98691597,184252.31439225,0.05399069
60c98ef2a5212bf4bc1a766f,0.05402984,2021-03-30T00:00:00.000Z,0.05555,0.05373345,0.05413636,6682764.44559786,363896.6633029,0.05445301
60c98ef2a5212bf4bc1a7670,0.0538013,2021-03-31T00:00:00.000Z,0.05451376,0.05162589,0.05401644,7803766.27205252,415907.98907365,0.0532958
60c98ef2a5212bf4bc1a7671,0.0621126,2021-04-01T00:00:00.000Z,0.07,0.05373345,0.05387738,65269451.3623626,4076315.99121333,0.06245365
60c98ef2a5212bf4bc1a7672,0.05770313,2021-04-02T00:00:00.000Z,0.06274269,0.05726672,0.0621312,18298983.4954752,1078220.87533043,0.05892244
60c98ef2a5212bf4bc1a7673,0.05551698,2021-04-03T00:00:00.000Z,0.05947512,0.05551698,0.05762634,17023279.73817014,990294.79752929,0.05817297
60c98ef2a5212bf4bc1a7674,0.05743324,2021-04-04T00:00:00.000Z,0.05825999,0.05511819,0.05551698,15664247.95870754,890224.4806174,0.05683161
60c98ef2a5212bf4bc1a7675,0.05986421,2021-04-05T00:00:00.000Z,0.06053366,0.05614285,0.05742531,25675948.21454249,1489265.88660419,0.05800237
60c98ef2a5212bf4bc1a7676,0.06434922,2021-04-06T00:00:00.000Z,0.06515,0.05806607,0.05990808,37031928.16428666,2263174.22498381,0.06111413
60c98ef2a5212bf4bc1a7677,0.05883506,2021-04-07T00:00:00.000Z,0.06722856,0.0572,0.06449193,31416087.28057738,1948176.80543751,0.06201207
60c98ef2a5212bf4bc1a7678,0.06171497,2021-04-08T00:00:00.000Z,0.06221274,0.05868206,0.05878538,9657521.97062413,589035.38369765,0.06099239
60c98ef2a5212bf4bc1a7679,0.06160791,2021-04-09T00:00:00.000Z,0.06408163,0.06021539,0.06168491,10468759.62462218,652401.61191188,0.0623189
60c98ef2a5212bf4bc1a767a,0.06380626,2021-04-10T00:00:00.000Z,0.0650307,0.061008,0.06165184,8330681.41031971,528121.92193609,0.0633948
60c98ef2a5212bf4bc1a767b,0.07410166,2021-04-11T00:00:00.000Z,0.0798,0.06345415,0.0638,36778030.18765179,2658795.94263898,0.07229304
60c98ef2a5212bf4bc1a767c,0.07070928,2021-04-12T00:00:00.000Z,0.07536052,0.06861177,0.07406462,24018311.56952662,1701371.03863639,0.07083641
60c98ef2a5212bf4bc1a767d,0.09417348,2021-04-13T00:00:00.000Z,0.09574262,0.07071932,0.07071932,47891407.27897912,4020898.55478587,0.08395866
60c98ef2a5212bf4bc1a767e,0.12118071,2021-04-14T00:00:00.000Z,0.14492749,0.0923,0.09423527,110267320.59945917,13676909.11888713,0.12403411
60c98ef2a5212bf4bc1a767f,0.18225716,2021-04-15T00:00:00.000Z,0.1902427,0.12002922,0.12192662,63837031.90112207,10026158.1681497,0.15705865
60c98ef2a5212bf4bc1a7680,0.36421393,2021-04-16T00:00:00.000Z,0.4494792,0.17952285,0.18227116,183429832.3917115,57772822.23139386,0.3149587
60c98ef2a5212bf4bc1a7681,0.28119221,2021-04-17T00:00:00.000Z,0.38,0.231489,0.36603498,70155018.29262926,20299309.56672676,0.28934935
60c98ef2a5212bf4bc1a7682,0.3227255,2021-04-18T00:00:00.000Z,0.35160998,0.24,0.28283445,45672350.63024815,13924919.41725485,0.30488729
60c98ef2a5212bf4bc1a7683,0.40793915,2021-04-19T00:00:00.000Z,0.4346941,0.30914229,0.3227255,49766357.24542601,19177921.75907186,0.38535916
60c98ef2a5212bf4bc1a7684,0.31689384,2021-04-20T00:00:00.000Z,0.42299998,0.27,0.40879699,61003344.25493503,21489724.18111673,0.35227124
60c98ef2a5212bf4bc1a7685,0.30683646,2021-04-21T00:00:00.000Z,0.34684096,0.29651987,0.31717494,16478490.50361815,5225515.70963785,0.3171113
60c98ef2a5212bf4bc1a7686,0.26134674,2021-04-22T00:00:00.000Z,0.309,0.25378014,0.30600677,27160757.14376318,7605780.33863185,0.28002828
60c98ef2a5212bf4bc1a7687,0.2497,2021-04-23T00:00:00.000Z,0.269,0.16900001,0.26,45437535.02734273,10024261.24811663,0.2206163
60c98ef2a5212bf4bc1a7688,0.26825083,2021-04-24T00:00:00.000Z,0.28990414,0.22826087,0.24999741,18026614.99916136,4806058.87992379,0.26660906
60c98ef2a5212bf4bc1a7689,0.25064677,2021-04-25T00:00:00.000Z,0.28925602,0.22473518,0.26979999,9823726.89543957,2532768.0065655,0.2578215
60c98ef2a5212bf4bc1a768a,0.27117667,2021-04-26T00:00:00.000Z,0.28045744,0.24758365,0.25064677,8588775.43248722,2295394.57986065,0.26725516
60c98ef2a5212bf4bc1a768b,0.27205337,2021-04-27T00:00:00.000Z,0.27960032,0.26479555,0.27157353,5792047.58968854,1578682.23170186,0.2725603
60c98ef2a5212bf4bc1a768c,0.32295633,2021-04-28T00:00:00.000Z,0.344,0.25521274,0.27190168,27621654.98760208,8463947.59455319,0.30642434
60c98ef2a5212bf4bc1a768d,0.3049,2021-04-29T00:00:00.000Z,0.32471595,0.2966,0.32250759,9648250.87737678,2998653.81807219,0.31079766
60c98ef2a5212bf4bc1a768e,0.338,2021-04-30T00:00:00.000Z,0.33922222,0.30250001,0.30503559,6091895.27841941,1937573.24136986,0.31805754
60c98ef2a5212bf4bc1a768f,0.39101146,2021-05-01T00:00:00.000Z,0.39686868,0.3266775,0.33786563,22321841.23928921,8115263.1128962,0.36355706
60c98ef2a5212bf4bc1a7690,0.37308104,2021-05-02T00:00:00.000Z,0.39985805,0.3623,0.39090001,11569202.4622173,4418695.99901024,0.38193609
60c98ef2a5212bf4bc1a7691,0.44161123,2021-05-03T00:00:00.000Z,0.44669288,0.3735498,0.37363738,18723385.12632053,7655734.85023745,0.40888625
60c98ef2a5212bf4bc1a7692,0.53857144,2021-05-04T00:00:00.000Z,0.6,0.4,0.44161123,67655692.99031655,35301785.22735391,0.52178587
60c98ef2a5212bf4bc1a7693,0.65333502,2021-05-05T00:00:00.000Z,0.688,0.52208636,0.53651702,59657786.93346549,37619209.53297342,0.63058339
60c98ef2a5212bf4bc1a7694,0.58033614,2021-05-06T00:00:00.000Z,0.66142866,0.54058085,0.65642441,32349077.40029125,19295888.68721769,0.59648961
60c98ef2a5212bf4bc1a7695,0.68806065,2021-05-07T00:00:00.000Z,0.72761584,0.51661863,0.5811124,42884629.13936267,27097482.32536147,0.63186934
60c98ef2a5212bf4bc1a7696,0.63447772,2021-05-08T00:00:00.000Z,0.73746108,0.58932924,0.68911631,41879451.3920743,28666767.20248171,0.68450675
60c98ef2a5212bf4bc1a7697,0.56991545,2021-05-09T00:00:00.000Z,0.7,0.425,0.63447772,89984481.27664821,47197339.94834075,0.52450532
60c98ef2a5212bf4bc1a7698,0.44903915,2021-05-10T00:00:00.000Z,0.57,0.429,0.56991545,34075790.06862574,16961732.96964875,0.49776492
60c98ef2a5212bf4bc1a7699,0.49348231,2021-05-11T00:00:00.000Z,0.55,0.44200742,0.45033307,26792498.92946669,13326239.09308243,0.49738694
60c98ef2a5212bf4bc1a769a,0.39169818,2021-05-12T00:00:00.000Z,0.52,0.38299998,0.4941391,26717052.86531481,12355873.90357081,0.46247143
60c98ef2a5212bf4bc1a769b,0.48511214,2021-05-13T00:00:00.000Z,0.518,0.35282636,0.39167856,50910753.51504447,21185361.51037413,0.41612743
60c98ef2a5212bf4bc1a769c,0.55882438,2021-05-14T00:00:00.000Z,0.58983433,0.46484267,0.48870681,30401525.74461548,16239029.97948301,0.5341518
60c98ef2a5212bf4bc1a769d,0.50842022,2021-05-15T00:00:00.000Z,0.56291409,0.49111565,0.55882438,15476485.50638279,8040047.64785957,0.51950086
60c98ef2a5212bf4bc1a769e,0.51299385,2021-05-16T00:00:00.000Z,0.54814552,0.45,0.5084202,15791468.63104603,8085957.65251733,0.51204595
60c98ef2a5212bf4bc1a769f,0.4868352,2021-05-17T00:00:00.000Z,0.5148,0.45714285,0.5124952,13379581.27293039,6503573.06579223,0.48608195
60c98ef2a5212bf4bc1a76a0,0.47600676,2021-05-18T00:00:00.000Z,0.51423448,0.46866725,0.4880135,6884291.14876517,3357517.99936321,0.48770714
60c98ef2a5212bf4bc1a76a1,0.32910196,2021-05-19T00:00:00.000Z,0.4784432,0.2172836,0.47663701,58058024.95067484,21322673.19407095,0.36726487
60c98ef2a5212bf4bc1a76a2,0.39738253,2021-05-20T00:00:00.000Z,0.43428875,0.29543437,0.33,24699442.42474083,9399143.23049645,0.3805407
60c98ef2a5212bf4bc1a76a3,0.35870743,2021-05-21T00:00:00.000Z,0.411,0.31260449,0.397,22045145.51649571,7937109.54692815,0.36003888
60c98ef2a5212bf4bc1a76a4,0.34223803,2021-05-22T00:00:00.000Z,0.36230979,0.3177166,0.3589813,11492750.81614211,3911936.42277535,0.34038294
60c98ef2a5212bf4bc1a76a5,0.30616076,2021-05-23T00:00:00.000Z,0.35050264,0.24822906,0.34159281,21667513.31719621,6405207.05794213,0.29561338
60c98ef2a5212bf4bc1a76a6,0.36556733,2021-05-24T00:00:00.000Z,0.37341899,0.29575215,0.3079406,16608036.74599289,5603366.45472689,0.33738885
60c98ef2a5212bf4bc1a76a7,0.3463427,2021-05-25T00:00:00.000Z,0.38,0.32244897,0.36580835,10351224.80272344,3579817.37177948,0.34583514
60c98ef2a5212bf4bc1a76a8,0.35239411,2021-05-26T00:00:00.000Z,0.3663,0.3372187,0.34671273,10092368.94434926,3540864.19209713,0.35084569
60c98ef2a5212bf4bc1a76a9,0.3333,2021-05-27T00:00:00.000Z,0.35203591,0.32676263,0.35203591,5808060.36543591,1972079.51112592,0.33954184
60c98ef2a5212bf4bc1a76aa,0.311222,2021-05-28T00:00:00.000Z,0.3469192,0.3,0.33379984,5301688.2692347,1694531.27180124,0.31962106
60c98ef2a5212bf4bc1a76ab,0.3016222,2021-05-29T00:00:00.000Z,0.3176,0.28040473,0.31112867,7334015.48700849,2189393.71667161,0.29852591
60c98ef2a5212bf4bc1a76ac,0.30199285,2021-05-30T00:00:00.000Z,0.31035623,0.28748552,0.30065455,2721964.73602426,823207.4041107,0.30243132
60c98ef2a5212bf4bc1a76ad,0.325,2021-05-31T00:00:00.000Z,0.32956124,0.29429787,0.30065455,3661809.46932671,1138705.67613589,0.31096802
60c98ef2a5212bf4bc1a76ae,0.37020755,2021-06-01T00:00:00.000Z,0.38423661,0.31092591,0.32490616,9118122.81166442,3150482.35648192,0.34551874
60c98ef2a5212bf4bc1a76af,0.42354632,2021-06-02T00:00:00.000Z,0.4464125,0.35177248,0.37018903,16358074.97274769,6657515.93639099,0.40698651
60c98ef2a5212bf4bc1a76b0,0.39992517,2021-06-03T00:00:00.000Z,0.44086932,0.37708764,0.42433524,9536603.23679311,3914465.95668583,0.41046752
60c98ef2a5212bf4bc1a76b1,0.37577651,2021-06-04T00:00:00.000Z,0.4018415,0.35,0.4009164,12619486.53429033,4689751.53744343,0.37162776
60c98ef2a5212bf4bc1a76b2,0.37209359,2021-06-05T00:00:00.000Z,0.3943,0.36024742,0.3771488,7599521.72402457,2822189.29969255,0.37136406
60c98ef2a5212bf4bc1a76b3,0.37147672,2021-06-06T00:00:00.000Z,0.37658875,0.36675834,0.36993967,4355304.73072169,1625070.77125133,0.37312447
60c98ef2a5212bf4bc1a76b4,0.3318741,2021-06-07T00:00:00.000Z,0.37957759,0.32828904,0.3714419,3615920.24304063,1267714.95471201,0.35059262
60c98ef2a5212bf4bc1a76b5,0.32613097,2021-06-08T00:00:00.000Z,0.34122713,0.2960922,0.3318741,7690373.58754343,2463386.86306511,0.32032083
60c98ef2a5212bf4bc1a76b6,0.342,2021-06-09T00:00:00.000Z,0.35443633,0.31274573,0.32598425,5009421.34050503,1675101.74242749,0.33439026
60c98ef2a5212bf4bc1a76b7,0.32564943,2021-06-10T00:00:00.000Z,0.34490708,0.32286935,0.34320439,2519354.89678109,842138.7098639,0.33426759
60c98ef2a5212bf4bc1a76b8,0.31825526,2021-06-11T00:00:00.000Z,0.33336683,0.31142665,0.32607394,2220313.3646891,713773.07939076,0.32147402
60c98ef2a5212bf4bc1a76b9,0.3117,2021-06-12T00:00:00.000Z,0.31883777,0.301,0.3188338,2455279.23974665,757537.60936077,0.30853419
60c98ef2a5212bf4bc1a76ba,0.32519759,2021-06-13T00:00:00.000Z,0.33008304,0.30754784,0.3117,1541909.93695746,487815.89513643,0.31637119
60c98ef2a5212bf4bc1a76bb,0.3273093,2021-06-14T00:00:00.000Z,0.33749089,0.32000001,0.32403287,2838350.10051343,925969.37608199,0.32623508
60c98ef2a5212bf4bc1a76bc,0.32044217,2021-06-15T00:00:00.000Z,0.33026874,0.31681322,0.32804225,1270196.49293839,410972.82228192,0.32355058
60c98ef2a5212bf4bc1a76bd,0.3178088,2021-06-16T00:00:00.000Z,0.32104215,0.31355025,0.32025436,228106.89870385,72021.01672267,0.31573361